Term,Overlap,P.value,Adjusted.P.value,Old.P.value,Old.Adjusted.P.value,Odds.Ratio,Combined.Score,Genes
Defense Response To Virus (GO:0051607),13/189,2.44706990979762e-16,1.19417011598124e-13,0,0,44.2689393939394,1591.31210779951,GBP5;RSAD2;STAT1;EIF2AK2;DDX60;USP18;IFIT3;IFI44L;IFIT2;OASL;PLSCR1;OAS1;IFI27
Defense Response To Symbiont (GO:0140546),12/148,5.37138616934083e-16,1.31061822531916e-13,0,0,51.4307958477509,1808.32095019347,GBP5;PLSCR1;RSAD2;OAS1;IFI27;STAT1;EIF2AK2;DDX60;IFIT3;IFI44L;IFIT2;OASL
Negative Regulation Of Viral Process (GO:0048525),6/61,5.32699500793507e-09,8.66524521290771e-07,0,0,54.27,1033.86947069885,PLSCR1;RSAD2;OAS1;STAT1;EIF2AK2;OASL
Antiviral Innate Immune Response (GO:0140374),5/46,6.57145906910024e-08,8.0171800643023e-06,0,0,59.2296252230815,979.536275755952,OAS1;EIF2AK2;USP18;IFIT3;IFIT2
Interleukin-27-Mediated Signaling Pathway (GO:0070106),3/5,1.13486254811408e-07,1.10563614565863e-05,0,0,696,11130.1425407978,OAS1;STAT1;OASL
Negative Regulation Of Viral Genome Replication (GO:0045071),5/53,1.35938870367864e-07,1.10563614565863e-05,0,0,50.5741869918699,799.631532029136,PLSCR1;RSAD2;OAS1;EIF2AK2;OASL
Regulation Of Viral Genome Replication (GO:0045069),5/67,4.46677064153901e-07,3.11397724724434e-05,0,0,39.1266719118804,572.087892731199,PLSCR1;RSAD2;OAS1;EIF2AK2;OASL
Response To Interferon-Beta (GO:0035456),4/29,5.57554463276387e-07,3.40108222598596e-05,0,0,75.92,1093.2256526753,PLSCR1;OAS1;STAT1;XAF1
Positive Regulation Of Chemokine Production (GO:0032722),4/53,6.6026234464976e-06,0.000358008915765647,0,0,38.6880466472303,461.472703184109,OAS1;IFNG;IL7;EIF2AK2
Response To Cytokine (GO:0034097),5/125,9.82400644441048e-06,0.000479411514487231,0,0,20.1565040650407,232.41822914369,PLSCR1;STAT1;LAMP3;EIF2AK2;XAF1
Positive Regulation Of Immune Response (GO:0050778),4/80,3.4081845023716e-05,0.0014569635062092,0,0,24.9097744360902,256.240515552885,GBP5;PLSCR1;RSAD2;IFNG
Regulation Of Chromosome Segregation (GO:0051983),3/28,3.58269714641605e-05,0.0014569635062092,0,0,55.6158139534884,569.3284957083,CDCA2;KIF2C;MKI67
Regulation Of Ribonuclease Activity (GO:0060700),2/5,5.15228158157094e-05,0.00193408723985125,0,0,302.287878787879,2984.63508563263,OAS1;OASL
Regulation Of Nuclease Activity (GO:0032069),2/6,7.71711962436819e-05,0.00268996741192263,0,0,226.704545454545,2146.77512852637,OAS1;OASL
Positive Regulation Of Pattern Recognition Receptor Signaling Pathway (GO:0062208),3/39,9.81915380514198e-05,0.00319449803793952,0,0,38.6007751937984,356.230747897418,RSAD2;DDX60;OASL
Regulation Of Chemokine Production (GO:0032642),3/41,0.000114165459192616,0.00348204650537479,0,0,36.5654834761322,331.936404381385,IFNG;IL7;EIF2AK2
Apoptotic Process (GO:0006915),5/228,0.000172593134697783,0.00473614313757473,0,0,10.7902220277808,93.4926724442104,PLSCR1;IFNG;IFI27;RFK;IFIT2
Type II Interferon-Mediated Signaling Pathway (GO:0060333),2/9,0.000184399015602295,0.00473614313757473,0,0,129.525974025974,1113.7172470763,IFNG;STAT1
Positive Regulation Of RIG-I Signaling Pathway (GO:1900246),2/9,0.000184399015602295,0.00473614313757473,0,0,129.525974025974,1113.7172470763,DDX60;OASL
Interferon-Mediated Signaling Pathway (GO:0140888),3/49,0.000194792230014367,0.00475293041235057,0,0,30.1941354903943,257.965923157443,IFNG;IFI27;STAT1
Regulation Of Cell Cycle Process (GO:0010564),4/130,0.00022509581382083,0.00523079795926501,0,0,14.9871504157218,125.876842650008,CDCA2;KIF2C;KIF11;MKI67
Cellular Response To Type II Interferon (GO:0071346),3/66,0.000470765571742926,0.0104424363186613,0,0,22.0276854928018,168.757409594432,GBP5;IFNG;STAT1
Negative Regulation Of Type I Interferon-Mediated Signaling Pathway (GO:0060339),2/15,0.000533125215503212,0.0113115263115464,0,0,69.7237762237762,525.490965769041,OAS1;USP18
Response To Interferon-Alpha (GO:0035455),2/17,0.000688505054220343,0.013999602769147,0,0,60.4212121212121,439.926114291837,LAMP3;EIF2AK2
Regulation Of Innate Immune Response (GO:0045088),3/78,0.000767708450837179,0.0145167826976857,0,0,18.4920930232558,132.627149954636,GBP5;PLSCR1;PARP9
Regulation Of RIG-I Signaling Pathway (GO:0039535),2/18,0.000773435143729158,0.0145167826976857,0,0,56.6420454545455,405.821492396118,DDX60;OASL
Positive Regulation Of Cytokine Production (GO:0001819),5/320,0.000813737907137098,0.0147075592104779,0,0,7.6031746031746,54.0880126329682,GBP5;IFNG;IL7;EIF2AK2;TIGIT
Regulation Of Nuclear Division (GO:0051783),2/19,0.00086316316294798,0.0150437008399505,0,0,53.307486631016,376.07935098604,CDCA2;MKI67
Positive Regulation Of Phosphatase Activity (GO:0010922),2/22,0.001160919646193,0.0188842929114061,0,0,45.3045454545455,306.192709014313,IFNG;ITGA1
Cellular Response To Interferon-Beta (GO:0035458),2/22,0.001160919646193,0.0188842929114061,0,0,45.3045454545455,306.192709014313,OAS1;STAT1
Positive Regulation Of Defense Response To Virus By Host (GO:0002230),2/28,0.00188308936340999,0.0296434712691638,0,0,34.8391608391608,218.610214782328,STAT1;PARP9
Receptor Signaling Pathway Via STAT (GO:0097696),2/31,0.00230636321186049,0.0351720389808724,0,0,31.230407523511,189.63363791907,IFNG;STAT1
Positive Regulation Of Protein Dephosphorylation (GO:0035307),2/33,0.00261119630199777,0.0364075370107118,0,0,29.2126099706745,173.755050269421,CDCA2;ITGA1
Regulation Of Type I Interferon-Mediated Signaling Pathway (GO:0060338),2/33,0.00261119630199777,0.0364075370107118,0,0,29.2126099706745,173.755050269421,OAS1;USP18
Regulation Of NLRP3 Inflammasome Complex Assembly (GO:1900225),2/33,0.00261119630199777,0.0364075370107118,0,0,29.2126099706745,173.755050269421,GBP5;EIF2AK2
Cytokine-Mediated Signaling Pathway (GO:0019221),4/257,0.00284565262801681,0.0383427148755882,0,0,7.41614906832298,43.47319027649,OAS1;STAT1;IL7;OASL
Positive Regulation Of Defense Response (GO:0031349),3/124,0.00290713207048517,0.0383427148755882,0,0,11.4355179704017,66.7901516224742,GBP5;PLSCR1;IFNG
Receptor Signaling Pathway Via JAK-STAT (GO:0007259),2/36,0.00310200926992981,0.0389743215048281,0,0,26.6310160427808,153.812898528258,IFNG;STAT1
Positive Regulation Of Immune Effector Process (GO:0002699),2/37,0.00327448192970891,0.0389743215048281,0,0,25.8688311688312,148.010990898239,IFNG;DDX60
Regulation Of Defense Response To Virus By Host (GO:0050691),2/37,0.00327448192970891,0.0389743215048281,0,0,25.8688311688312,148.010990898239,STAT1;PARP9
Type I Interferon-Mediated Signaling Pathway (GO:0060337),2/37,0.00327448192970891,0.0389743215048281,0,0,25.8688311688312,148.010990898239,IFI27;STAT1
Cellular Response To Type I Interferon (GO:0071357),2/38,0.00345135483406612,0.0401014561672444,0,0,25.1489898989899,142.569332499524,IFI27;STAT1
Negative Regulation Of Secretion By Cell (GO:1903531),2/40,0.00381822042610321,0.0433323620450783,0,0,23.822966507177,132.645582404249,RSAD2;SLC30A1
Positive Regulation Of Response To Biotic Stimulus (GO:0002833),2/41,0.00400817280442848,0.0444542801945704,0,0,23.2109557109557,128.111008557024,GBP5;PLSCR1
Positive Regulation Of Cytokine-Mediated Signaling Pathway (GO:0001961),2/44,0.00460386779202444,0.0499263885001761,0,0,21.5497835497835,115.956336082451,IL7;PARP9
Positive Regulation Of Innate Immune Response (GO:0045089),2/45,0.00481097899135487,0.0510382119082864,0,0,21.0475687103594,112.327815639081,GBP5;PLSCR1
Cellular Response To Cytokine Stimulus (GO:0071345),4/308,0.00541312332365851,0.0552056671970519,0,0,6.15601503759398,32.1278055799507,GBP5;OAS1;STAT1;IL7
Positive Regulation Of Response To External Stimulus (GO:0032103),3/155,0.00543006562593953,0.0552056671970519,0,0,9.0890452876377,47.4066793064308,GBP5;PLSCR1;IFNG
Regulation Of Interleukin-12 Production (GO:0032655),2/50,0.00590974224361543,0.0588562084670272,0,0,18.8503787878788,96.7241788394836,IFNG;TIGIT
Negative Regulation Of Innate Immune Response (GO:0045824),2/52,0.00637837871131966,0.0622529762224798,0,0,18.0945454545455,91.4650562908582,OAS1;USP18
Regulation Of Smooth Muscle Cell Proliferation (GO:0048660),2/54,0.00686342849016998,0.0656735902588813,0,0,17.3968531468531,86.6632621694381,IFNG;STAT1
Positive Regulation Of Tyrosine Phosphorylation Of STAT Protein (GO:0042531),2/55,0.00711206021456649,0.0667439497059317,0,0,17.0677530017153,84.416480202162,IFNG;PARP9
Regulation Of Mitotic Nuclear Division (GO:0007088),2/56,0.00736473760707493,0.0678111689104258,0,0,16.7508417508418,82.2642524819555,CDCA2;MKI67
Positive Regulation Of Interleukin-1 Beta Production (GO:0032731),2/57,0.0076214415769358,0.068042610045099,0,0,16.4454545454545,80.2010240602501,GBP5;IFNG
Regulation Of Cell Population Proliferation (GO:0042127),6/766,0.00785876133585527,0.068042610045099,0,0,3.78828947368421,18.3585291588253,IFNG;STAT1;IL7;ITGA1;EIF2AK2;IFIT3
Regulation Of Phagocytosis (GO:0050764),2/58,0.00788215310060481,0.068042610045099,0,0,16.150974025974,78.2216573054864,PLSCR1;IFNG
Negative Regulation Of Cytokine Production (GO:0001818),3/178,0.00794759994379231,0.068042610045099,0,0,7.88531561461794,38.1245964702124,IFNG;TIGIT;XAF1
Negative Regulation Of Cytokine-Mediated Signaling Pathway (GO:0001960),2/59,0.00814685321653511,0.0685459374080885,0,0,15.8668261562998,76.321393915237,OAS1;USP18
Positive Regulation Of Interleukin-1 Production (GO:0032732),2/64,0.00952952335978731,0.0744899463608311,0,0,14.58357771261,67.8626456035523,GBP5;IFNG
Positive Regulation Of Type I Interferon Production (GO:0032481),2/64,0.00952952335978731,0.0744899463608311,0,0,14.58357771261,67.8626456035523,OAS1;STAT1
Cellular Response To Virus (GO:0098586),2/64,0.00952952335978731,0.0744899463608311,0,0,14.58357771261,67.8626456035523,OAS1;IFNG
Regulation Of Tyrosine Phosphorylation Of STAT Protein (GO:0042509),2/65,0.00981776031133597,0.0744899463608311,0,0,14.3513708513709,66.3544566021782,IFNG;PARP9
Extrinsic Apoptotic Signaling Pathway (GO:0097191),2/67,0.0104057885529722,0.0744899463608311,0,0,13.9083916083916,63.4972741915036,IFNG;IFI27
Negative Regulation Of Cell Population Proliferation (GO:0008285),4/379,0.0110702933911915,0.0744899463608311,0,0,4.97244444444444,22.3933539770199,IFNG;ITGA1;EIF2AK2;IFIT3
CD4-positive, Alpha-Beta T Cell Activation (GO:0035710),1/5,0.0114482499529966,0.0744899463608311,0,0,110.833333333333,495.415956354284,RSAD2
Positive Regulation Of Interleukin-18 Production (GO:0032741),1/5,0.0114482499529966,0.0744899463608311,0,0,110.833333333333,495.415956354284,GBP5
Positive Regulation Of Killing Of Cells Of Another Organism (GO:0051712),1/5,0.0114482499529966,0.0744899463608311,0,0,110.833333333333,495.415956354284,IFNG
Regulation Of Hematopoietic Stem Cell Proliferation (GO:1902033),1/5,0.0114482499529966,0.0744899463608311,0,0,110.833333333333,495.415956354284,EIF2AK2
Positive Regulation Of Toll-Like Receptor 7 Signaling Pathway (GO:0034157),1/5,0.0114482499529966,0.0744899463608311,0,0,110.833333333333,495.415956354284,RSAD2
Attachment Of GPI Anchor To Protein (GO:0016255),1/5,0.0114482499529966,0.0744899463608311,0,0,110.833333333333,495.415956354284,PGAP1
Mesenchymal Cell Differentiation Involved In Kidney Development (GO:0072161),1/5,0.0114482499529966,0.0744899463608311,0,0,110.833333333333,495.415956354284,STAT1
Positive Regulation Of CD4-positive, CD25-positive, Alpha-Beta Regulatory T Cell Differentiation (GO:0032831),1/5,0.0114482499529966,0.0744899463608311,0,0,110.833333333333,495.415956354284,IFNG
Regulation Of Vitamin D Biosynthetic Process (GO:0060556),1/5,0.0114482499529966,0.0744899463608311,0,0,110.833333333333,495.415956354284,IFNG
Negative Regulation Of Calcium Ion Import (GO:0090281),1/5,0.0114482499529966,0.0744899463608311,0,0,110.833333333333,495.415956354284,SLC30A1
Regulation Of Calcidiol 1-Monooxygenase Activity (GO:0060558),1/5,0.0114482499529966,0.0744899463608311,0,0,110.833333333333,495.415956354284,IFNG
Positive Regulation Of Protein Localization To Nucleus (GO:1900182),2/72,0.0119424020077896,0.076097362343715,0,0,12.9116883116883,57.1685661034258,IFNG;PARP9
Regulation Of Immune Response (GO:0050776),2/77,0.0135722590358852,0.076097362343715,0,0,12.0478787878788,51.8025938878395,PLSCR1;RSAD2
Positive Regulation Of Interleukin-23 Production (GO:0032747),1/6,0.0137224751767355,0.076097362343715,0,0,88.6622222222222,380.247469316315,IFNG
Toll-Like Receptor 3 Signaling Pathway (GO:0034138),1/6,0.0137224751767355,0.076097362343715,0,0,88.6622222222222,380.247469316315,OAS1
Regulation Of Hemoglobin Biosynthetic Process (GO:0046984),1/6,0.0137224751767355,0.076097362343715,0,0,88.6622222222222,380.247469316315,EIF2AK2
Interleukin-9-Mediated Signaling Pathway (GO:0038113),1/6,0.0137224751767355,0.076097362343715,0,0,88.6622222222222,380.247469316315,STAT1
Macrophage Derived Foam Cell Differentiation (GO:0010742),1/6,0.0137224751767355,0.076097362343715,0,0,88.6622222222222,380.247469316315,STAT1
Cellular Response To Interleukin-9 (GO:0071355),1/6,0.0137224751767355,0.076097362343715,0,0,88.6622222222222,380.247469316315,STAT1
Regulation Of Toll-Like Receptor 7 Signaling Pathway (GO:0034155),1/6,0.0137224751767355,0.076097362343715,0,0,88.6622222222222,380.247469316315,RSAD2
Regulation Of MDA-5 Signaling Pathway (GO:0039533),1/6,0.0137224751767355,0.076097362343715,0,0,88.6622222222222,380.247469316315,DDX60
Regulation Of NAD(P)H Oxidase Activity (GO:0033860),1/6,0.0137224751767355,0.076097362343715,0,0,88.6622222222222,380.247469316315,RFK
Response To Lead Ion (GO:0010288),1/6,0.0137224751767355,0.076097362343715,0,0,88.6622222222222,380.247469316315,PLSCR1
Positive Regulation Of Cell Killing (GO:0031343),1/6,0.0137224751767355,0.076097362343715,0,0,88.6622222222222,380.247469316315,IFNG
Positive Regulation Of Tumor Necrosis Factor Production (GO:0032760),2/78,0.0139092218847939,0.0762662952784206,0,0,11.8887559808612,50.8268477783964,OAS1;IFNG
Response To Type II Interferon (GO:0034341),2/80,0.0145939967379037,0.0781114761237789,0,0,11.5827505827506,48.9619664109026,GBP5;STAT1
Positive Regulation Of Tumor Necrosis Factor Superfamily Cytokine Production (GO:1903557),2/82,0.0152931195462554,0.0781114761237789,0,0,11.2920454545455,47.2047276748365,OAS1;IFNG
Positive Regulation Of Isomerase Activity (GO:0010912),1/7,0.0159915829549079,0.0781114761237789,0,0,73.8814814814815,305.551108096613,PLSCR1
Foam Cell Differentiation (GO:0090077),1/7,0.0159915829549079,0.0781114761237789,0,0,73.8814814814815,305.551108096613,STAT1
Negative Regulation Of Osteoblast Proliferation (GO:0033689),1/7,0.0159915829549079,0.0781114761237789,0,0,73.8814814814815,305.551108096613,EIF2AK2
Positive Regulation Of Steroid Biosynthetic Process (GO:0010893),1/7,0.0159915829549079,0.0781114761237789,0,0,73.8814814814815,305.551108096613,IFNG
Cellular Modified Amino Acid Biosynthetic Process (GO:0042398),1/7,0.0159915829549079,0.0781114761237789,0,0,73.8814814814815,305.551108096613,PLSCR1
Plasma Membrane Phospholipid Scrambling (GO:0017121),1/7,0.0159915829549079,0.0781114761237789,0,0,73.8814814814815,305.551108096613,PLSCR1
Positive Regulation Of T-helper 2 Cell Cytokine Production (GO:2000553),1/7,0.0159915829549079,0.0781114761237789,0,0,73.8814814814815,305.551108096613,RSAD2
Negative Regulation Of Amyloid-Beta Clearance (GO:1900222),1/7,0.0159915829549079,0.0781114761237789,0,0,73.8814814814815,305.551108096613,IFNG
Regulation Of Interleukin-1 Beta Production (GO:0032651),2/84,0.0160064500253645,0.0781114761237789,0,0,11.0155210643016,45.5465745556304,GBP5;IFNG
Positive Regulation Of Monocyte Chemotactic Protein-1 Production (GO:0071639),1/8,0.0182555843351526,0.0817314234454537,0,0,63.3238095238095,253.503209620118,OAS1
Regulation Of Interleukin-18 Production (GO:0032661),1/8,0.0182555843351526,0.0817314234454537,0,0,63.3238095238095,253.503209620118,GBP5
Regulation Of Interleukin-23 Production (GO:0032667),1/8,0.0182555843351526,0.0817314234454537,0,0,63.3238095238095,253.503209620118,IFNG
Positive Regulation Of Smooth Muscle Cell Apoptotic Process (GO:0034393),1/8,0.0182555843351526,0.0817314234454537,0,0,63.3238095238095,253.503209620118,IFNG
Regulation Of Mitotic Centrosome Separation (GO:0046602),1/8,0.0182555843351526,0.0817314234454537,0,0,63.3238095238095,253.503209620118,KIF11
Bone Resorption (GO:0045453),1/8,0.0182555843351526,0.0817314234454537,0,0,63.3238095238095,253.503209620118,IL7
Nucleoside Diphosphate Metabolic Process (GO:0009132),1/8,0.0182555843351526,0.0817314234454537,0,0,63.3238095238095,253.503209620118,RRM2
Protein poly-ADP-ribosylation (GO:0070212),1/8,0.0182555843351526,0.0817314234454537,0,0,63.3238095238095,253.503209620118,PARP9
Positive Regulation Of Chromatin Binding (GO:0035563),1/8,0.0182555843351526,0.0817314234454537,0,0,63.3238095238095,253.503209620118,PARP9
Regulation Of RNA Metabolic Process (GO:0051252),2/91,0.0186129887586472,0.0822899305463995,0,0,10.1455566905005,40.4188388781603,OAS1;OASL
Positive Regulation Of Programmed Cell Death (GO:0043068),3/245,0.0187175866611687,0.0822899305463995,0,0,5.68287526427061,22.6081356887229,GBP5;IFNG;IFIT2
Positive Regulation Of Mesenchymal Cell Proliferation (GO:0002053),1/9,0.0205144904077938,0.0855647121282342,0,0,55.4055555555556,215.34055050751,STAT1
NAD Biosynthesis Via Nicotinamide Riboside Salvage Pathway (GO:0034356),1/9,0.0205144904077938,0.0855647121282342,0,0,55.4055555555556,215.34055050751,PARP9
Regulation Of Mast Cell Activation (GO:0033003),1/9,0.0205144904077938,0.0855647121282342,0,0,55.4055555555556,215.34055050751,PLSCR1
Cell Differentiation Involved In Metanephros Development (GO:0072202),1/9,0.0205144904077938,0.0855647121282342,0,0,55.4055555555556,215.34055050751,STAT1
Regulation Of Tau-Protein Kinase Activity (GO:1902947),1/9,0.0205144904077938,0.0855647121282342,0,0,55.4055555555556,215.34055050751,IFNG
Regulation Of ER To Golgi Vesicle-Mediated Transport (GO:0060628),1/9,0.0205144904077938,0.0855647121282342,0,0,55.4055555555556,215.34055050751,PGAP1
Regulation Of Defense Response (GO:0031347),2/97,0.0209798748217264,0.0861312898159701,0,0,9.50191387559809,36.7172161866428,HERC5;USP18
Positive Regulation Of Protein-Containing Complex Assembly (GO:0031334),2/98,0.0213859901441864,0.0861312898159701,0,0,9.40246212121212,36.152647735938,GBP5;IFNG
Regulation Of Chromatin Binding (GO:0035561),1/10,0.0227683122669265,0.0861312898159701,0,0,49.2469135802469,186.270812956763,PARP9
Surfactant Homeostasis (GO:0043129),1/10,0.0227683122669265,0.0861312898159701,0,0,49.2469135802469,186.270812956763,OAS1
Negative Regulation Of Interleukin-17 Production (GO:0032700),1/10,0.0227683122669265,0.0861312898159701,0,0,49.2469135802469,186.270812956763,IFNG
Positive Regulation Of Nitric-Oxide Synthase Biosynthetic Process (GO:0051770),1/10,0.0227683122669265,0.0861312898159701,0,0,49.2469135802469,186.270812956763,IFNG
Regulation Of Smooth Muscle Cell Apoptotic Process (GO:0034391),1/10,0.0227683122669265,0.0861312898159701,0,0,49.2469135802469,186.270812956763,IFNG
Metanephric Mesenchyme Development (GO:0072075),1/10,0.0227683122669265,0.0861312898159701,0,0,49.2469135802469,186.270812956763,STAT1
Regulation Of Toll-Like Receptor 9 Signaling Pathway (GO:0034163),1/10,0.0227683122669265,0.0861312898159701,0,0,49.2469135802469,186.270812956763,RSAD2
Positive Regulation Of MHC Class II Biosynthetic Process (GO:0045348),1/10,0.0227683122669265,0.0861312898159701,0,0,49.2469135802469,186.270812956763,IFNG
Regulation Of T-helper 2 Cell Cytokine Production (GO:2000551),1/10,0.0227683122669265,0.0861312898159701,0,0,49.2469135802469,186.270812956763,RSAD2
Positive Regulation Of Cellular Respiration (GO:1901857),1/10,0.0227683122669265,0.0861312898159701,0,0,49.2469135802469,186.270812956763,IFNG
Regulation Of Protein Secretion (GO:0050708),2/102,0.0230430830514443,0.0865001886854217,0,0,9.02454545454546,34.0260526794945,RSAD2;IFNG
Positive Regulation Of Gene Expression (GO:0010628),4/480,0.0241774824047032,0.090065735980879,0,0,3.89715886354542,14.5065252191328,PLSCR1;IFNG;LAMP3;EIF2AK2
Regulation Of Mesenchymal Cell Proliferation (GO:0010464),1/11,0.0250170610222385,0.0904320428063139,0,0,44.32,163.460901941891,STAT1
Regulation Of Monocyte Chemotactic Protein-1 Production (GO:0071637),1/11,0.0250170610222385,0.0904320428063139,0,0,44.32,163.460901941891,OAS1
Macrophage Activation Involved In Immune Response (GO:0002281),1/11,0.0250170610222385,0.0904320428063139,0,0,44.32,163.460901941891,IFNG
Regulation Of Type II Interferon-Mediated Signaling Pathway (GO:0060334),1/11,0.0250170610222385,0.0904320428063139,0,0,44.32,163.460901941891,PARP9
Mitotic Sister Chromatid Segregation (GO:0000070),2/111,0.0269579766432372,0.0941926705186956,0,0,8.27564637197665,29.9038499309621,KIF2C;KIF11
Regulation Of Chemokine (C-X-C Motif) Ligand 2 Production (GO:2000341),1/12,0.0272607477638807,0.0941926705186956,0,0,40.2888888888889,145.132963479857,OAS1
Regulation Of Chromosome Separation (GO:1905818),1/12,0.0272607477638807,0.0941926705186956,0,0,40.2888888888889,145.132963479857,PLSCR1
Regulation Of Hematopoietic Stem Cell Differentiation (GO:1902036),1/12,0.0272607477638807,0.0941926705186956,0,0,40.2888888888889,145.132963479857,EIF2AK2
Astrocyte Activation (GO:0048143),1/12,0.0272607477638807,0.0941926705186956,0,0,40.2888888888889,145.132963479857,IFNG
Attachment Of Mitotic Spindle Microtubules To Kinetochore (GO:0051315),1/12,0.0272607477638807,0.0941926705186956,0,0,40.2888888888889,145.132963479857,KIF2C
Regulation Of Protein Serine/Threonine Kinase Activity (GO:0071900),2/112,0.0274085229788008,0.0941926705186956,0,0,8.2,29.4945903019555,HERC5;IFNG
Negative Regulation Of Interleukin-12 Production (GO:0032695),1/13,0.0294993835815373,0.0953357562105313,0,0,36.9296296296296,130.117336750101,TIGIT
Positive Regulation Of Protein Deacetylation (GO:0090312),1/13,0.0294993835815373,0.0953357562105313,0,0,36.9296296296296,130.117336750101,IFNG
Acute-Phase Response (GO:0006953),1/13,0.0294993835815373,0.0953357562105313,0,0,36.9296296296296,130.117336750101,PLSCR1
Negative Regulation Of Translational Initiation (GO:0045947),1/13,0.0294993835815373,0.0953357562105313,0,0,36.9296296296296,130.117336750101,EIF2AK2
Regulation Of Nitric-Oxide Synthase Biosynthetic Process (GO:0051769),1/13,0.0294993835815373,0.0953357562105313,0,0,36.9296296296296,130.117336750101,IFNG
Positive Regulation Of Type 2 Immune Response (GO:0002830),1/13,0.0294993835815373,0.0953357562105313,0,0,36.9296296296296,130.117336750101,RSAD2
Regulation Of Nitrogen Compound Metabolic Process (GO:0051171),1/13,0.0294993835815373,0.0953357562105313,0,0,36.9296296296296,130.117336750101,IFNG
Positive Regulation Of Chromosome Separation (GO:1905820),1/13,0.0294993835815373,0.0953357562105313,0,0,36.9296296296296,130.117336750101,PLSCR1
Endolysosomal Toll-Like Receptor Signaling Pathway (GO:0140894),1/13,0.0294993835815373,0.0953357562105313,0,0,36.9296296296296,130.117336750101,OAS1
Negative Regulation Of Transcription By RNA Polymerase II (GO:0000122),5/763,0.0301069963617479,0.0966593041087695,0,0,3.08835832421649,10.8185120971463,ETV7;IFNG;IFI27;STAT1;PARP9
Regulation Of Protein-Containing Complex Assembly (GO:0043254),2/119,0.0306469585800776,0.097394302011503,0,0,7.70668220668221,26.859497234612,IFNG;EIF2AK2
Establishment Of Chromosome Localization (GO:0051303),1/14,0.0317329795488299,0.097394302011503,0,0,34.0871794871795,117.614362331671,KIF2C
Positive Regulation Of Membrane Protein Ectodomain Proteolysis (GO:0051044),1/14,0.0317329795488299,0.097394302011503,0,0,34.0871794871795,117.614362331671,IFNG
Regulation Of Leukocyte Activation (GO:0002694),1/14,0.0317329795488299,0.097394302011503,0,0,34.0871794871795,117.614362331671,PLSCR1
Positive Regulation Of Response To Cytokine Stimulus (GO:0060760),1/14,0.0317329795488299,0.097394302011503,0,0,34.0871794871795,117.614362331671,IL7
Regulation Of MHC Class II Biosynthetic Process (GO:0045346),1/14,0.0317329795488299,0.097394302011503,0,0,34.0871794871795,117.614362331671,IFNG
Positive Regulation Of Exosomal Secretion (GO:1903543),1/14,0.0317329795488299,0.097394302011503,0,0,34.0871794871795,117.614362331671,IFNG
Regulation Of Mitotic Cell Cycle (GO:0007346),2/125,0.0335377836721739,0.0991059333142397,0,0,7.32852919438285,24.8809619874125,CDCA2;MKI67
Negative Regulation Of Epithelial Cell Differentiation (GO:0030857),1/15,0.0339615467251988,0.0991059333142397,0,0,31.6507936507937,107.059644252583,IFNG
Negative Regulation Of Phagocytosis (GO:0050765),1/15,0.0339615467251988,0.0991059333142397,0,0,31.6507936507937,107.059644252583,PLSCR1
Alpha-Beta T Cell Activation (GO:0046631),1/15,0.0339615467251988,0.0991059333142397,0,0,31.6507936507937,107.059644252583,RSAD2
Astrocyte Development (GO:0014002),1/15,0.0339615467251988,0.0991059333142397,0,0,31.6507936507937,107.059644252583,IFNG
Regulation Of Amyloid-Beta Clearance (GO:1900221),1/15,0.0339615467251988,0.0991059333142397,0,0,31.6507936507937,107.059644252583,IFNG
Regulation Of Response To External Stimulus (GO:0032101),2/127,0.034524373359081,0.0991059333142397,0,0,7.21054545454545,24.2713430037144,HERC5;USP18
Regulation Of Tumor Necrosis Factor Production (GO:0032680),2/127,0.034524373359081,0.0991059333142397,0,0,7.21054545454545,24.2713430037144,OAS1;IFNG
Positive Regulation Of Peptidyl-Tyrosine Phosphorylation (GO:0050731),2/130,0.0360253877834354,0.0991059333142397,0,0,7.04048295454545,23.3992659795713,IFNG;PARP9
Regulation Of Nucleocytoplasmic Transport (GO:0046822),1/16,0.0361850961442075,0.0991059333142397,0,0,29.5392592592593,98.0439903523152,IFI27
Nuclear Chromosome Segregation (GO:0098813),1/16,0.0361850961442075,0.0991059333142397,0,0,29.5392592592593,98.0439903523152,KIF2C
Regulation Of Osteoblast Proliferation (GO:0033688),1/16,0.0361850961442075,0.0991059333142397,0,0,29.5392592592593,98.0439903523152,EIF2AK2
Cell Surface Toll-Like Receptor Signaling Pathway (GO:0140895),1/16,0.0361850961442075,0.0991059333142397,0,0,29.5392592592593,98.0439903523152,OAS1
Regulation Of Response To Cytokine Stimulus (GO:0060759),1/16,0.0361850961442075,0.0991059333142397,0,0,29.5392592592593,98.0439903523152,PARP9
Regulation Of Stem Cell Proliferation (GO:0072091),1/16,0.0361850961442075,0.0991059333142397,0,0,29.5392592592593,98.0439903523152,EIF2AK2
Regulation Of NMDA Receptor Activity (GO:2000310),1/16,0.0361850961442075,0.0991059333142397,0,0,29.5392592592593,98.0439903523152,IFNG
Negative Regulation Of Chemokine Production (GO:0032682),1/16,0.0361850961442075,0.0991059333142397,0,0,29.5392592592593,98.0439903523152,OAS1
Regulation Of Cellular Respiration (GO:0043457),1/17,0.0384036388314902,0.0991059333142397,0,0,27.6916666666667,90.2638414763085,IFNG
Toll-Like Receptor 4 Signaling Pathway (GO:0034142),1/17,0.0384036388314902,0.0991059333142397,0,0,27.6916666666667,90.2638414763085,OAS1
NAD Biosynthetic Process (GO:0009435),1/17,0.0384036388314902,0.0991059333142397,0,0,27.6916666666667,90.2638414763085,PARP9
Regulation Of Hematopoietic Progenitor Cell Differentiation (GO:1901532),1/17,0.0384036388314902,0.0991059333142397,0,0,27.6916666666667,90.2638414763085,EIF2AK2
Positive Regulation Of Peptidyl-Serine Phosphorylation Of STAT Protein (GO:0033141),1/17,0.0384036388314902,0.0991059333142397,0,0,27.6916666666667,90.2638414763085,IFNG
Intracellular Zinc Ion Homeostasis (GO:0006882),1/17,0.0384036388314902,0.0991059333142397,0,0,27.6916666666667,90.2638414763085,SLC30A1
Microtubule Depolymerization (GO:0007019),1/17,0.0384036388314902,0.0991059333142397,0,0,27.6916666666667,90.2638414763085,KIF2C
Myeloid Cell Activation Involved In Immune Response (GO:0002275),1/17,0.0384036388314902,0.0991059333142397,0,0,27.6916666666667,90.2638414763085,IFNG
Positive Regulation Of Amyloid-Beta Formation (GO:1902004),1/17,0.0384036388314902,0.0991059333142397,0,0,27.6916666666667,90.2638414763085,IFNG
Negative Regulation Of Calcium Ion Transport (GO:0051926),1/17,0.0384036388314902,0.0991059333142397,0,0,27.6916666666667,90.2638414763085,SLC30A1
Positive Regulation Of Glycolytic Process (GO:0045821),1/18,0.0406171857845245,0.0991059333142397,0,0,26.0614379084967,83.4894844478949,IFNG
Regulation Of Defense Response To Virus (GO:0050688),1/18,0.0406171857845245,0.0991059333142397,0,0,26.0614379084967,83.4894844478949,HERC5
fatty-acyl-CoA Metabolic Process (GO:0035337),1/18,0.0406171857845245,0.0991059333142397,0,0,26.0614379084967,83.4894844478949,FAR2
Regulation Of Epithelial Cell Differentiation (GO:0030856),1/18,0.0406171857845245,0.0991059333142397,0,0,26.0614379084967,83.4894844478949,IFNG
Regulation Of Exosomal Secretion (GO:1903541),1/18,0.0406171857845245,0.0991059333142397,0,0,26.0614379084967,83.4894844478949,IFNG
Positive Regulation Of Osteoclast Differentiation (GO:0045672),1/18,0.0406171857845245,0.0991059333142397,0,0,26.0614379084967,83.4894844478949,IFNG
Positive Regulation Of Phosphoprotein Phosphatase Activity (GO:0032516),1/18,0.0406171857845245,0.0991059333142397,0,0,26.0614379084967,83.4894844478949,ITGA1
Positive Regulation Of Stress-Activated Protein Kinase Signaling Cascade (GO:0070304),1/18,0.0406171857845245,0.0991059333142397,0,0,26.0614379084967,83.4894844478949,EIF2AK2
Regulation Of Peptidyl-Serine Phosphorylation Of STAT Protein (GO:0033139),1/18,0.0406171857845245,0.0991059333142397,0,0,26.0614379084967,83.4894844478949,IFNG
Regulation Of Protein Deacetylation (GO:0090311),1/18,0.0406171857845245,0.0991059333142397,0,0,26.0614379084967,83.4894844478949,IFNG
Positive Regulation Of NLRP3 Inflammasome Complex Assembly (GO:1900227),1/18,0.0406171857845245,0.0991059333142397,0,0,26.0614379084967,83.4894844478949,GBP5
Negative Regulation Of ERBB Signaling Pathway (GO:1901185),1/18,0.0406171857845245,0.0991059333142397,0,0,26.0614379084967,83.4894844478949,ITGA1
Response To Organophosphorus (GO:0046683),1/18,0.0406171857845245,0.0991059333142397,0,0,26.0614379084967,83.4894844478949,STAT1
Positive Regulation Of Cytokine Production Involved In Inflammatory Response (GO:1900017),1/18,0.0406171857845245,0.0991059333142397,0,0,26.0614379084967,83.4894844478949,GBP5
Negative Regulation Of Gene Expression (GO:0010629),3/336,0.0419590699073471,0.101870776690474,0,0,4.11083176199455,13.0356968880411,IFNG;EIF2AK2;PARP9
Negative Regulation Of Leukocyte Cell-Cell Adhesion (GO:1903038),1/19,0.042825747982937,0.102950566579671,0,0,24.6123456790123,77.544044405662,TIGIT
Nucleotide Biosynthetic Process (GO:0009165),1/19,0.042825747982937,0.102950566579671,0,0,24.6123456790123,77.544044405662,RRM2
Microglial Cell Activation (GO:0001774),1/20,0.0450293363875486,0.10667143765594,0,0,23.3157894736842,72.2892315410458,IFNG
Phosphatidylserine Metabolic Process (GO:0006658),1/20,0.0450293363875486,0.10667143765594,0,0,23.3157894736842,72.2892315410458,PLSCR1
Regulation Of Calcium Ion Import (GO:0090279),1/20,0.0450293363875486,0.10667143765594,0,0,23.3157894736842,72.2892315410458,SLC30A1
Positive Regulation Of Interferon-Alpha Production (GO:0032727),1/21,0.0472279619376593,0.107196490351524,0,0,22.1488888888889,67.6154446594906,STAT1
Zinc Ion Transmembrane Transport (GO:0071577),1/21,0.0472279619376593,0.107196490351524,0,0,22.1488888888889,67.6154446594906,SLC30A1
Regulation Of Membrane Protein Ectodomain Proteolysis (GO:0051043),1/21,0.0472279619376593,0.107196490351524,0,0,22.1488888888889,67.6154446594906,IFNG
Positive Regulation Of Smoothened Signaling Pathway (GO:0045880),1/21,0.0472279619376593,0.107196490351524,0,0,22.1488888888889,67.6154446594906,EVC
Positive Regulation Of Transcription Regulatory Region DNA Binding (GO:2000679),1/21,0.0472279619376593,0.107196490351524,0,0,22.1488888888889,67.6154446594906,IFNG
Macrophage Differentiation (GO:0030225),1/21,0.0472279619376593,0.107196490351524,0,0,22.1488888888889,67.6154446594906,IFNG
Modulation By Host Of Viral Genome Replication (GO:0044827),1/21,0.0472279619376593,0.107196490351524,0,0,22.1488888888889,67.6154446594906,IFI27
Positive Regulation Of T Cell Cytokine Production (GO:0002726),1/21,0.0472279619376593,0.107196490351524,0,0,22.1488888888889,67.6154446594906,RSAD2
Positive Regulation Of Amyloid Precursor Protein Catabolic Process (GO:1902993),1/21,0.0472279619376593,0.107196490351524,0,0,22.1488888888889,67.6154446594906,IFNG
Regulation Of Protein Export From Nucleus (GO:0046825),1/22,0.0494216355431909,0.111141742604042,0,0,21.0931216931217,63.4347577737382,IFI27
Modulation By Host Of Viral Process (GO:0044788),1/22,0.0494216355431909,0.111141742604042,0,0,21.0931216931217,63.4347577737382,IFI27
Positive Regulation Of Macromolecule Metabolic Process (GO:0010604),3/364,0.0510875155799511,0.112941074592838,0,0,3.7865747600335,11.2620879237111,PLSCR1;IFNG;LAMP3
Negative Regulation Of Epidermal Growth Factor Receptor Signaling Pathway (GO:0042059),1/23,0.0516103681028748,0.112941074592838,0,0,20.1333333333333,59.6758582483111,ITGA1
Negative Regulation Of Lymphocyte Activation (GO:0051250),1/23,0.0516103681028748,0.112941074592838,0,0,20.1333333333333,59.6758582483111,TIGIT
Positive Regulation Of Oxidoreductase Activity (GO:0051353),1/23,0.0516103681028748,0.112941074592838,0,0,20.1333333333333,59.6758582483111,RFK
Zinc Ion Transport (GO:0006829),1/23,0.0516103681028748,0.112941074592838,0,0,20.1333333333333,59.6758582483111,SLC30A1
Long-Chain fatty-acyl-CoA Metabolic Process (GO:0035336),1/23,0.0516103681028748,0.112941074592838,0,0,20.1333333333333,59.6758582483111,FAR2
Regulation Of Viral Life Cycle (GO:1903900),1/24,0.05379417048562,0.116673578653256,0,0,19.2570048309179,56.2803330796982,LAMP3
Response To Purine-Containing Compound (GO:0014074),1/24,0.05379417048562,0.116673578653256,0,0,19.2570048309179,56.2803330796982,STAT1
Negative Regulation Of Protein Transport (GO:0051224),1/25,0.0559730535406076,0.120329736245888,0,0,18.4537037037037,53.1999035872492,RSAD2
Negative Regulation Of Proteolysis Involved In Protein Catabolic Process (GO:1903051),1/25,0.0559730535406076,0.120329736245888,0,0,18.4537037037037,53.1999035872492,LAMP3
Regulation Of Cytokine Production (GO:0001817),2/167,0.0564726110017674,0.120871202495011,0,0,5.45151515151515,15.6676519254292,IFNG;EIF2AK2
Positive Regulation Of Monooxygenase Activity (GO:0032770),1/26,0.0581470280983654,0.121784333527907,0,0,17.7146666666667,50.3943384537939,IFNG
Regulation Of Interferon-Alpha Production (GO:0032647),1/26,0.0581470280983654,0.121784333527907,0,0,17.7146666666667,50.3943384537939,STAT1
Acute Inflammatory Response (GO:0002526),1/26,0.0581470280983654,0.121784333527907,0,0,17.7146666666667,50.3943384537939,PLSCR1
Negative Regulation Of Catalytic Activity (GO:0043086),1/26,0.0581470280983654,0.121784333527907,0,0,17.7146666666667,50.3943384537939,PARP9
Positive Regulation Of Erythrocyte Differentiation (GO:0045648),1/26,0.0581470280983654,0.121784333527907,0,0,17.7146666666667,50.3943384537939,STAT1
Regulation Of Chromatin Organization (GO:1902275),1/27,0.0603161049564981,0.12315589631285,0,0,17.0324786324786,47.829859287186,MKI67
Positive Regulation Of Immune System Process (GO:0002684),1/27,0.0603161049564981,0.12315589631285,0,0,17.0324786324786,47.829859287186,RSAD2
GPI Anchor Metabolic Process (GO:0006505),1/27,0.0603161049564981,0.12315589631285,0,0,17.0324786324786,47.829859287186,PGAP1
Positive Regulation Of Nitric Oxide Biosynthetic Process (GO:0045429),1/27,0.0603161049564981,0.12315589631285,0,0,17.0324786324786,47.829859287186,IFNG
Regulation Of Microtubule Polymerization Or Depolymerization (GO:0031110),1/27,0.0603161049564981,0.12315589631285,0,0,17.0324786324786,47.829859287186,SKA1
Microtubule Polymerization Or Depolymerization (GO:0031109),1/27,0.0603161049564981,0.12315589631285,0,0,17.0324786324786,47.829859287186,KIF2C
Fatty Acid Derivative Biosynthetic Process (GO:1901570),1/28,0.0624802949082236,0.124450546592707,0,0,16.4008230452675,45.477908701644,FAR2
Positive Regulation Of Nitric Oxide Metabolic Process (GO:1904407),1/28,0.0624802949082236,0.124450546592707,0,0,16.4008230452675,45.477908701644,IFNG
Positive Regulation Of Protein Import Into Nucleus (GO:0042307),1/28,0.0624802949082236,0.124450546592707,0,0,16.4008230452675,45.477908701644,IFNG
Protein Depolymerization (GO:0051261),1/28,0.0624802949082236,0.124450546592707,0,0,16.4008230452675,45.477908701644,KIF2C
Protein Localization To Golgi Apparatus (GO:0034067),1/28,0.0624802949082236,0.124450546592707,0,0,16.4008230452675,45.477908701644,GBP5
Pyroptosis (GO:0070269),1/28,0.0624802949082236,0.124450546592707,0,0,16.4008230452675,45.477908701644,IFI27
Integrated Stress Response Signaling (GO:0140467),1/29,0.064639608697947,0.126683249175093,0,0,15.8142857142857,43.3141886515671,EIF2AK2
Carbohydrate Derivative Biosynthetic Process (GO:1901137),1/29,0.064639608697947,0.126683249175093,0,0,15.8142857142857,43.3141886515671,RRM2
Positive Regulation Of B Cell Proliferation (GO:0030890),1/29,0.064639608697947,0.126683249175093,0,0,15.8142857142857,43.3141886515671,IL7
Positive Regulation Of Dephosphorylation (GO:0035306),1/29,0.064639608697947,0.126683249175093,0,0,15.8142857142857,43.3141886515671,CDCA2
Positive Regulation Of Interleukin-10 Production (GO:0032733),1/30,0.0667940570746933,0.129347221636708,0,0,15.2681992337165,41.3179025128529,TIGIT
GPI Anchor Biosynthetic Process (GO:0006506),1/30,0.0667940570746933,0.129347221636708,0,0,15.2681992337165,41.3179025128529,PGAP1
Positive Regulation Of Phosphate Metabolic Process (GO:0045937),1/30,0.0667940570746933,0.129347221636708,0,0,15.2681992337165,41.3179025128529,IFNG
Negative Regulation Of Macromolecule Metabolic Process (GO:0010605),2/186,0.0682195953516925,0.131423834252268,0,0,4.88389328063241,13.1133679053549,IFNG;PARP9
Regulation Of Response To Biotic Stimulus (GO:0002831),1/31,0.068943650755288,0.131423834252268,0,0,14.7585185185185,39.4711525014524,HERC5
Phospholipid Translocation (GO:0045332),1/31,0.068943650755288,0.131423834252268,0,0,14.7585185185185,39.4711525014524,PLSCR1
Positive Regulation Of G1/S Transition Of Mitotic Cell Cycle (GO:1900087),1/31,0.068943650755288,0.131423834252268,0,0,14.7585185185185,39.4711525014524,RRM2
Transition Metal Ion Transport (GO:0000041),1/32,0.0710884004247531,0.134984978238442,0,0,14.2817204301075,37.7584566346336,SLC30A1
Negative Regulation Of Endocytosis (GO:0045806),1/33,0.0732283167464727,0.135361433985904,0,0,13.8347222222222,36.1663585689,PLSCR1
Positive Regulation Of Interleukin-12 Production (GO:0032735),1/33,0.0732283167464727,0.135361433985904,0,0,13.8347222222222,36.1663585689,IFNG
Positive Regulation Of Ion Transmembrane Transporter Activity (GO:0032414),1/33,0.0732283167464727,0.135361433985904,0,0,13.8347222222222,36.1663585689,IFNG
Glycolipid Metabolic Process (GO:0006664),1/33,0.0732283167464727,0.135361433985904,0,0,13.8347222222222,36.1663585689,PGAP1
Positive Regulation Of Nitrogen Compound Metabolic Process (GO:0051173),1/33,0.0732283167464727,0.135361433985904,0,0,13.8347222222222,36.1663585689,IFNG
Positive Regulation Of Small Molecule Metabolic Process (GO:0062013),1/33,0.0732283167464727,0.135361433985904,0,0,13.8347222222222,36.1663585689,IFNG
Regulation Of Amyloid-Beta Formation (GO:1902003),1/33,0.0732283167464727,0.135361433985904,0,0,13.8347222222222,36.1663585689,IFNG
DNA Damage Checkpoint Signaling (GO:0000077),1/34,0.0753634103759919,0.136718751908863,0,0,13.4148148148148,34.6831102137123,PARP9
Positive Regulation Of Neuron Death (GO:1901216),1/34,0.0753634103759919,0.136718751908863,0,0,13.4148148148148,34.6831102137123,IFNG
Regulation Of Interleukin-17 Production (GO:0032660),1/34,0.0753634103759919,0.136718751908863,0,0,13.4148148148148,34.6831102137123,IFNG
Apoptotic Mitochondrial Changes (GO:0008637),1/34,0.0753634103759919,0.136718751908863,0,0,13.4148148148148,34.6831102137123,IFIT2
Positive Regulation Of Carbohydrate Metabolic Process (GO:0045913),1/34,0.0753634103759919,0.136718751908863,0,0,13.4148148148148,34.6831102137123,IFNG
Macrophage Activation (GO:0042116),1/35,0.0774936919327824,0.139545836395564,0,0,13.0196078431373,33.2984118351614,IFNG
Positive Regulation Of Cell Development (GO:0010720),1/35,0.0774936919327824,0.139545836395564,0,0,13.0196078431373,33.2984118351614,IFNG
Regulation Of Apoptotic Process (GO:0042981),4/705,0.0780761580037422,0.140077812889067,0,0,2.61571904082603,6.670268077345,STAT1;IL7;IFIT3;IFIT2
Positive Regulation Of Interferon-Beta Production (GO:0032728),1/36,0.0796191720205644,0.140267710996518,0,0,12.6469841269841,32.0031978938724,OAS1
Regulation Of Erythrocyte Differentiation (GO:0045646),1/36,0.0796191720205644,0.140267710996518,0,0,12.6469841269841,32.0031978938724,STAT1
Positive Regulation Of Myeloid Cell Differentiation (GO:0045639),1/36,0.0796191720205644,0.140267710996518,0,0,12.6469841269841,32.0031978938724,STAT1
Regulation Of Intracellular Protein Transport (GO:0033157),1/36,0.0796191720205644,0.140267710996518,0,0,12.6469841269841,32.0031978938724,IFI27
Positive Regulation Of Signaling Receptor Activity (GO:2000273),1/36,0.0796191720205644,0.140267710996518,0,0,12.6469841269841,32.0031978938724,IFNG
Defense Response To Bacterium (GO:0042742),2/204,0.0800233090765692,0.140472571328654,0,0,4.44464446444644,11.2246710192639,OAS1;SLC30A1
Negative Regulation Of Endothelial Cell Proliferation (GO:0001937),1/37,0.0817398612231703,0.141450539989032,0,0,12.2950617283951,30.7894595467486,STAT1
Negative Regulation Of Smooth Muscle Cell Proliferation (GO:0048662),1/37,0.0817398612231703,0.141450539989032,0,0,12.2950617283951,30.7894595467486,IFNG
Regulation Of Phosphoprotein Phosphatase Activity (GO:0043666),1/37,0.0817398612231703,0.141450539989032,0,0,12.2950617283951,30.7894595467486,ITGA1
Positive Regulation Of Exocytosis (GO:0045921),1/37,0.0817398612231703,0.141450539989032,0,0,12.2950617283951,30.7894595467486,IFNG
Tumor Necrosis Factor-Mediated Signaling Pathway (GO:0033209),1/38,0.0838557700917411,0.141847409232387,0,0,11.9621621621622,29.6500967227378,STAT1
Negative Regulation Of Type I Interferon Production (GO:0032480),1/38,0.0838557700917411,0.141847409232387,0,0,11.9621621621622,29.6500967227378,XAF1
Regulation Of Neurotransmitter Secretion (GO:0046928),1/38,0.0838557700917411,0.141847409232387,0,0,11.9621621621622,29.6500967227378,SLC30A1
Regulation Of Protein Import Into Nucleus (GO:0042306),1/38,0.0838557700917411,0.141847409232387,0,0,11.9621621621622,29.6500967227378,IFNG
Response To cAMP (GO:0051591),1/38,0.0838557700917411,0.141847409232387,0,0,11.9621621621622,29.6500967227378,STAT1
Response To Peptide (GO:1901652),1/38,0.0838557700917411,0.141847409232387,0,0,11.9621621621622,29.6500967227378,STAT1
Negative Regulation Of DNA-templated Transcription (GO:0045892),5/1025,0.085066578090994,0.141847409232387,0,0,2.2637494021999,5.57860532058631,ETV7;IFNG;IFI27;STAT1;PARP9
Positive Regulation Of Intracellular Transport (GO:0032388),1/39,0.0859669091499318,0.141847409232387,0,0,11.646783625731,28.5787942011412,PGAP1
Positive Regulation Of Lymphocyte Differentiation (GO:0045621),1/39,0.0859669091499318,0.141847409232387,0,0,11.646783625731,28.5787942011412,IL7
Negative Regulation Of Proteasomal Protein Catabolic Process (GO:1901799),1/39,0.0859669091499318,0.141847409232387,0,0,11.646783625731,28.5787942011412,LAMP3
Negative Regulation Of Protein Secretion (GO:0050709),1/39,0.0859669091499318,0.141847409232387,0,0,11.646783625731,28.5787942011412,RSAD2
Regulation Of Nitric Oxide Biosynthetic Process (GO:0045428),1/39,0.0859669091499318,0.141847409232387,0,0,11.646783625731,28.5787942011412,IFNG
Positive Regulation Of ATP-dependent Activity (GO:0032781),1/39,0.0859669091499318,0.141847409232387,0,0,11.646783625731,28.5787942011412,PLSCR1
Regulation Of Cytokine-Mediated Signaling Pathway (GO:0001959),1/40,0.0880732889291257,0.141847409232387,0,0,11.3475783475783,27.569917287159,IL7
Regulation Of Glycolytic Process (GO:0006110),1/40,0.0880732889291257,0.141847409232387,0,0,11.3475783475783,27.569917287159,IFNG
Positive Regulation Of Myeloid Leukocyte Differentiation (GO:0002763),1/40,0.0880732889291257,0.141847409232387,0,0,11.3475783475783,27.569917287159,IFNG
Water-Soluble Vitamin Metabolic Process (GO:0006767),1/40,0.0880732889291257,0.141847409232387,0,0,11.3475783475783,27.569917287159,RFK
Regulation Of Microtubule Cytoskeleton Organization (GO:0070507),1/40,0.0880732889291257,0.141847409232387,0,0,11.3475783475783,27.569917287159,SKA1
Regulation Of Protein Dephosphorylation (GO:0035304),1/40,0.0880732889291257,0.141847409232387,0,0,11.3475783475783,27.569917287159,CDCA2
Positive Regulation Of Cell Cycle G1/S Phase Transition (GO:1902808),1/40,0.0880732889291257,0.141847409232387,0,0,11.3475783475783,27.569917287159,RRM2
Endothelial Cell Migration (GO:0043542),1/40,0.0880732889291257,0.141847409232387,0,0,11.3475783475783,27.569917287159,STAT1
Response To Amino Acid Starvation (GO:1990928),1/41,0.0901749198921925,0.144754476669046,0,0,11.0633333333333,26.6184235956438,EIF2AK2
DNA Integrity Checkpoint Signaling (GO:0031570),1/42,0.092271812533484,0.146196897780325,0,0,10.7929539295393,25.7197880941791,PARP9
Regulation Of Osteoclast Differentiation (GO:0045670),1/42,0.092271812533484,0.146196897780325,0,0,10.7929539295393,25.7197880941791,IFNG
Cellular Response To Amino Acid Starvation (GO:0034198),1/42,0.092271812533484,0.146196897780325,0,0,10.7929539295393,25.7197880941791,EIF2AK2
Negative Regulation Of I-kappaB kinase/NF-kappaB Signaling (GO:0043124),1/42,0.092271812533484,0.146196897780325,0,0,10.7929539295393,25.7197880941791,STAT1
Positive Regulation Of Protein Modification Process (GO:0031401),2/225,0.0945308277270119,0.149291404306737,0,0,4.02181002853649,9.4867632472612,CDCA2;IFNG
Positive Regulation Of Nucleocytoplasmic Transport (GO:0046824),1/44,0.0964514245700945,0.15085992048143,0,0,10.2899224806202,24.0652039744396,IFNG
Mitotic Spindle Assembly (GO:0090307),1/44,0.0964514245700945,0.15085992048143,0,0,10.2899224806202,24.0652039744396,KIF11
Regulation Of B Cell Proliferation (GO:0030888),1/44,0.0964514245700945,0.15085992048143,0,0,10.2899224806202,24.0652039744396,IL7
Hexose Metabolic Process (GO:0019318),1/45,0.0985341647751166,0.153135899395723,0,0,10.0555555555556,23.3022611788088,OAS1
Regulation Of Stem Cell Differentiation (GO:2000736),1/45,0.0985341647751166,0.153135899395723,0,0,10.0555555555556,23.3022611788088,EIF2AK2
Negative Regulation Of Apoptotic Process (GO:0043066),3/482,0.0988781877746889,0.153182716298566,0,0,2.83657814244793,6.56346345886819,IL7;LAMP3;IFIT3
Positive Regulation Of Cell Population Proliferation (GO:0008284),3/483,0.0993420077810845,0.15341423986446,0,0,2.83052325581395,6.53620682139252,IFNG;STAT1;IL7
Epithelial Cell Migration (GO:0010631),1/46,0.100612208300043,0.153433617657565,0,0,9.8316049382716,22.578100564863,STAT1
Regulation Of Cytokine Production Involved In Inflammatory Response (GO:1900015),1/46,0.100612208300043,0.153433617657565,0,0,9.8316049382716,22.578100564863,GBP5
Regulation Of Epidermal Growth Factor Receptor Signaling Pathway (GO:0042058),1/46,0.100612208300043,0.153433617657565,0,0,9.8316049382716,22.578100564863,ITGA1
Regulation Of Interleukin-10 Production (GO:0032653),1/46,0.100612208300043,0.153433617657565,0,0,9.8316049382716,22.578100564863,TIGIT
Positive Regulation Of Smooth Muscle Cell Proliferation (GO:0048661),1/47,0.10268556547661,0.155622844573247,0,0,9.61739130434783,21.8899877988115,STAT1
Regulation Of T Cell Differentiation (GO:0045580),1/47,0.10268556547661,0.155622844573247,0,0,9.61739130434783,21.8899877988115,IL7
Post-Translational Protein Modification (GO:0043687),1/48,0.104754246652724,0.158266477914952,0,0,9.41229314420804,21.2354339255453,PARP9
Regulation Of Inflammatory Response (GO:0050727),2/240,0.105325178099292,0.158637922569304,0,0,3.76546982429335,8.47495340217819,IFNG;USP18
Regulation Of Autophagy (GO:0010506),2/241,0.106056558071984,0.158924731473128,0,0,3.74952453404336,8.41311850936836,IFNG;LAMP3
Positive Regulation Of Nervous System Development (GO:0051962),1/49,0.106818262137676,0.158924731473128,0,0,9.21574074074074,20.6121687900088,IFNG
Negative Regulation Of T Cell Activation (GO:0050868),1/49,0.106818262137676,0.158924731473128,0,0,9.21574074074074,20.6121687900088,TIGIT
Negative Regulation Of Cysteine-Type Endopeptidase Activity Involved In Apoptotic Process (GO:0043154),1/49,0.106818262137676,0.158924731473128,0,0,9.21574074074074,20.6121687900088,LAMP3
Regulation Of Epithelial Cell Migration (GO:0010632),1/50,0.108877622208567,0.159556395308651,0,0,9.02721088435374,20.0181178087303,IFNG
Regulation Of Interferon-Beta Production (GO:0032648),1/50,0.108877622208567,0.159556395308651,0,0,9.02721088435374,20.0181178087303,OAS1
Blood Circulation (GO:0008015),1/50,0.108877622208567,0.159556395308651,0,0,9.02721088435374,20.0181178087303,STAT1
Mitotic Metaphase Plate Congression (GO:0007080),1/50,0.108877622208567,0.159556395308651,0,0,9.02721088435374,20.0181178087303,KIF2C
Positive Regulation Of Cell Death (GO:0010942),1/50,0.108877622208567,0.159556395308651,0,0,9.02721088435374,20.0181178087303,IFNG
Positive Regulation Of Protein Localization To Cell Periphery (GO:1904377),1/51,0.110932337136924,0.160162664268695,0,0,8.84622222222222,19.4513816146915,IFNG
Positive Regulation Of Protein Localization To Plasma Membrane (GO:1903078),1/51,0.110932337136924,0.160162664268695,0,0,8.84622222222222,19.4513816146915,IFNG
Metaphase Plate Congression (GO:0051310),1/51,0.110932337136924,0.160162664268695,0,0,8.84622222222222,19.4513816146915,KIF2C
Regulation Of Smoothened Signaling Pathway (GO:0008589),1/51,0.110932337136924,0.160162664268695,0,0,8.84622222222222,19.4513816146915,EVC
Regulation Of Stress-Activated MAPK Cascade (GO:0032872),1/51,0.110932337136924,0.160162664268695,0,0,8.84622222222222,19.4513816146915,EIF2AK2
Regulation Of Peptide Hormone Secretion (GO:0090276),1/52,0.112982417180582,0.161687447460774,0,0,8.6723311546841,18.9102181755707,IFNG
Regulation Of Protein Localization To Nucleus (GO:1900180),1/52,0.112982417180582,0.161687447460774,0,0,8.6723311546841,18.9102181755707,PARP9
Positive Regulation Of B Cell Activation (GO:0050871),1/52,0.112982417180582,0.161687447460774,0,0,8.6723311546841,18.9102181755707,IL7
Regulation Of Cyclin-Dependent Protein Kinase Activity (GO:1904029),1/53,0.115027872536738,0.162235843346613,0,0,8.50512820512821,18.3930270438594,HERC5
Regulation Of Proteasomal Protein Catabolic Process (GO:0061136),1/53,0.115027872536738,0.162235843346613,0,0,8.50512820512821,18.3930270438594,LAMP3
Protein Homotetramerization (GO:0051289),1/53,0.115027872536738,0.162235843346613,0,0,8.50512820512821,18.3930270438594,GBP5
Positive Regulation Of NIK/NF-kappaB Signaling (GO:1901224),1/53,0.115027872536738,0.162235843346613,0,0,8.50512820512821,18.3930270438594,EIF2AK2
Negative Regulation Of Cysteine-Type Endopeptidase Activity (GO:2000117),1/53,0.115027872536738,0.162235843346613,0,0,8.50512820512821,18.3930270438594,LAMP3
Negative Regulation Of Protein Catabolic Process (GO:0042177),1/54,0.11706871342499,0.164638421185577,0,0,8.34423480083857,17.898335437676,LAMP3
Response To Peptide Hormone (GO:0043434),1/55,0.119104950020952,0.16702073451214,0,0,8.18930041152263,17.4247859291178,STAT1
Positive Regulation Of Cellular Metabolic Process (GO:0031325),1/56,0.121136592478395,0.169382971717641,0,0,8.04,16.9711255131832,IFNG
Post-Transcriptional Regulation Of Gene Expression (GO:0010608),1/57,0.123163650914952,0.171236073066942,0,0,7.89603174603175,16.5361958888569,PARP9
Signal Transduction In Response To DNA Damage (GO:0042770),1/57,0.123163650914952,0.171236073066942,0,0,7.89603174603175,16.5361958888569,PARP9
Positive Regulation Of Signal Transduction (GO:0009967),2/266,0.124774495317716,0.17208685665533,0,0,3.39015151515152,7.05574337687209,EVC;IL7
Regulation Of Neuron Death (GO:1901214),1/58,0.125186135476726,0.17208685665533,0,0,7.75711500974659,16.1189247921237,IFNG
Renal System Development (GO:0072001),1/58,0.125186135476726,0.17208685665533,0,0,7.75711500974659,16.1189247921237,STAT1
Muscle Organ Development (GO:0007517),1/58,0.125186135476726,0.17208685665533,0,0,7.75711500974659,16.1189247921237,EVC
Negative Regulation Of Cellular Process (GO:0048523),3/537,0.125667065098713,0.172262718449921,0,0,2.53723543245362,5.26252874988325,ITGA1;EIF2AK2;IFIT3
Glucose Metabolic Process (GO:0006006),1/59,0.127204056225767,0.17243216510604,0,0,7.62298850574713,15.7183182664299,OAS1
Positive Regulation Of Proteolysis (GO:0045862),1/59,0.127204056225767,0.17243216510604,0,0,7.62298850574713,15.7183182664299,IFNG
Microtubule Cytoskeleton Organization Involved In Mitosis (GO:1902850),1/59,0.127204056225767,0.17243216510604,0,0,7.62298850574713,15.7183182664299,KIF11
Regulation Of Type I Interferon Production (GO:0032479),1/59,0.127204056225767,0.17243216510604,0,0,7.62298850574713,15.7183182664299,XAF1
Positive Regulation Of Phagocytosis (GO:0050766),1/60,0.129217423245134,0.174676184331373,0,0,7.49340866290019,15.3334537323339,IFNG
Regulation Of T Cell Activation (GO:0050863),1/62,0.13323053626031,0.179603595842628,0,0,7.24699453551913,14.6075806081097,TIGIT
Positive Regulation Of Mitotic Cell Cycle Phase Transition (GO:1901992),1/63,0.135230302278678,0.180801061676698,0,0,7.12974910394265,14.2650309730883,RRM2
Phosphatidylinositol Metabolic Process (GO:0046488),1/63,0.135230302278678,0.180801061676698,0,0,7.12974910394265,14.2650309730883,PGAP1
Regulation Of Cellular Catabolic Process (GO:0031329),1/63,0.135230302278678,0.180801061676698,0,0,7.12974910394265,14.2650309730883,LAMP3
Monoatomic Cation Transmembrane Transport (GO:0098655),2/281,0.136366629642983,0.18182217285731,0,0,3.20544151189312,6.38654799848454,SLC30A1;MCOLN2
Positive Regulation Of T Cell Differentiation (GO:0045582),1/64,0.137225554622819,0.181973018086782,0,0,7.01622574955908,13.9351316969376,IL7
Response To Metal Ion (GO:0010038),1/64,0.137225554622819,0.181973018086782,0,0,7.01622574955908,13.9351316969376,PLSCR1
Inorganic Cation Transmembrane Transport (GO:0098662),2/284,0.13871407164742,0.18344841995648,0,0,3.17085751128304,6.26352327118024,SLC30A1;MCOLN2
Regulation Of Neurogenesis (GO:0050767),1/67,0.143184329122725,0.188848520572676,0,0,6.6962962962963,13.0150719067091,IFNG
Negative Regulation Of Epithelial Cell Proliferation (GO:0050680),1/70,0.149102837901438,0.195597271225543,0,0,6.40418679549114,12.1879297227779,STAT1
Protein K48-linked Ubiquitination (GO:0070936),1/70,0.149102837901438,0.195597271225543,0,0,6.40418679549114,12.1879297227779,IFI27
Negative Regulation Of Protein Binding (GO:0032091),1/71,0.15106677225377,0.197113863261604,0,0,6.31238095238095,11.9306104519586,IFIT2
Myeloid Leukocyte Differentiation (GO:0002573),1/71,0.15106677225377,0.197113863261604,0,0,6.31238095238095,11.9306104519586,IFNG
Plasma Membrane Organization (GO:0007009),1/72,0.153026272034621,0.198608565832168,0,0,6.22316118935837,11.6817800161307,PLSCR1
Second-Messenger-Mediated Signaling (GO:0019932),1/72,0.153026272034621,0.198608565832168,0,0,6.22316118935837,11.6817800161307,RCAN2
Protein Tetramerization (GO:0051262),1/73,0.154981347010543,0.200612459790836,0,0,6.13641975308642,11.441050945408,GBP5
Positive Regulation Of Lymphocyte Proliferation (GO:0050671),1/74,0.156932006988226,0.202600051349879,0,0,6.05205479452055,11.2080583574744,IL7
Positive Regulation Of Neurogenesis (GO:0050769),1/75,0.15887826166449,0.204571482037655,0,0,5.96996996996997,10.9824583652299,IFNG
Positive Regulation Of Interleukin-6 Production (GO:0032755),1/76,0.160820120819524,0.20652689199981,0,0,5.89007407407407,10.7639266035383,IFNG
Positive Regulation Of Response To Stimulus (GO:0048584),1/77,0.162757594126262,0.207920696161297,0,0,5.81228070175439,10.5521568907843,RSAD2
Negative Regulation Of Blood Vessel Morphogenesis (GO:2000181),1/77,0.162757594126262,0.207920696161297,0,0,5.81228070175439,10.5521568907843,STAT1
Regulation Of Cyclin-Dependent Protein Serine/Threonine Kinase Activity (GO:0000079),1/79,0.166619421960188,0.21119552705603,0,0,5.66267806267806,10.1477624569242,HERC5
Positive Regulation Of Protein Localization To Membrane (GO:1905477),1/79,0.166619421960188,0.21119552705603,0,0,5.66267806267806,10.1477624569242,IFNG
Positive Regulation Of Endocytosis (GO:0045807),1/79,0.166619421960188,0.21119552705603,0,0,5.66267806267806,10.1477624569242,IFNG
Calcium Ion Transmembrane Transport (GO:0070588),1/80,0.168543795797644,0.21253067790504,0,0,5.59071729957806,9.95460562280523,MCOLN2
Regulation Of Protein Localization To Plasma Membrane (GO:1903076),1/80,0.168543795797644,0.21253067790504,0,0,5.59071729957806,9.95460562280523,IFNG
Spindle Assembly (GO:0051225),1/81,0.170463822405898,0.214397797252778,0,0,5.52055555555556,9.76714459599016,KIF11
Regulation Of NIK/NF-kappaB Signaling (GO:1901222),1/83,0.174290872374213,0.218647675369192,0,0,5.38536585365854,9.40839406563324,EIF2AK2
Regulation Of Cysteine-Type Endopeptidase Activity Involved In Apoptotic Process (GO:0043281),1/84,0.176197914857559,0.220033206104876,0,0,5.32021419009371,9.23667603092824,LAMP3
Positive Regulation Of Protein Localization (GO:1903829),1/85,0.178100648384069,0.220033206104876,0,0,5.25661375661376,9.06979527099694,PARP9
Integrin-Mediated Signaling Pathway (GO:0007229),1/85,0.178100648384069,0.220033206104876,0,0,5.25661375661376,9.06979527099694,ITGA1
Calcium-Mediated Signaling (GO:0019722),1/85,0.178100648384069,0.220033206104876,0,0,5.25661375661376,9.06979527099694,RCAN2
Mitotic Spindle Organization (GO:0007052),1/85,0.178100648384069,0.220033206104876,0,0,5.25661375661376,9.06979527099694,KIF11
Positive Regulation Of Amide Metabolic Process (GO:0034250),1/85,0.178100648384069,0.220033206104876,0,0,5.25661375661376,9.06979527099694,IFNG
Negative Regulation Of Angiogenesis (GO:0016525),1/86,0.179999082529006,0.22115833506832,0,0,5.19450980392157,8.90756372327403,STAT1
Negative Regulation Of Binding (GO:0051100),1/86,0.179999082529006,0.22115833506832,0,0,5.19450980392157,8.90756372327403,IFIT2
Regulation Of Transcription By RNA Polymerase II (GO:0006357),7/2028,0.18037093720736,0.22115833506832,0,0,1.59264898057575,2.72779327462103,ETV7;PLSCR1;IFNG;IFI27;STAT1;PARP9;HDX
Glucose Homeostasis (GO:0042593),1/87,0.181893226749594,0.221909736634505,0,0,5.13385012919897,8.74980266890192,OAS1
Regulation Of Insulin Secretion (GO:0050796),1/87,0.181893226749594,0.221909736634505,0,0,5.13385012919897,8.74980266890192,IFNG
Negative Regulation Of Protein Kinase Activity (GO:0006469),1/88,0.18378309053924,0.223656229883164,0,0,5.07458492975734,8.59634216450994,IFNG
Positive Regulation Of Peptidyl-Serine Phosphorylation (GO:0033138),1/89,0.185668683358857,0.225388849450553,0,0,5.01666666666667,8.44702052052336,IFNG
Positive Regulation Of Binding (GO:0051099),1/91,0.189427093774308,0.229380699160949,0,0,4.90469135802469,8.16018543563652,PARP9
Positive Regulation Of Protein Catabolic Process (GO:0045732),1/92,0.191299930168651,0.231075163174015,0,0,4.85054945054945,8.0223856660021,IFNG
Regulation Of Endothelial Cell Proliferation (GO:0001936),1/93,0.193168533240831,0.231612393664682,0,0,4.7975845410628,7.88815128224115,STAT1
Negative Regulation Of Amide Metabolic Process (GO:0034249),1/93,0.193168533240831,0.231612393664682,0,0,4.7975845410628,7.88815128224115,EIF2AK2
Positive Regulation Of Cellular Component Biogenesis (GO:0044089),1/93,0.193168533240831,0.231612393664682,0,0,4.7975845410628,7.88815128224115,IFNG
Positive Regulation Of Epithelial Cell Migration (GO:0010634),1/95,0.196893076737167,0.235499562371905,0,0,4.69503546099291,7.62987609495454,IFNG
Negative Regulation Of Macromolecule Biosynthetic Process (GO:0010558),1/98,0.20244837514565,0.241552095528306,0,0,4.54914089347079,7.26620792393214,EIF2AK2
Ubiquitin-Dependent Protein Catabolic Process (GO:0006511),2/367,0.206527123919462,0.245817649933409,0,0,2.43947696139477,3.84784439870136,HERC5;IFI27
Calcium Ion Homeostasis (GO:0055074),1/102,0.209796997393759,0.249102030968746,0,0,4.36809680968097,6.82128504026493,SLC30A1
Positive Regulation Of Inflammatory Response (GO:0050729),1/104,0.21344642763908,0.252820040504541,0,0,4.28284789644013,6.61429924557035,IFNG
Positive Regulation Of Stress-Activated MAPK Cascade (GO:0032874),1/105,0.215264954581829,0.254356653355769,0,0,4.24145299145299,6.51438683849709,EIF2AK2
Regulation Of G1/S Transition Of Mitotic Cell Cycle (GO:2000045),1/106,0.217079368268023,0.255545843932174,0,0,4.20084656084656,6.41676052281115,RRM2
Negative Regulation Of Programmed Cell Death (GO:0043069),2/381,0.218347679202997,0.255545843932174,0,0,2.34768529623411,3.57239436809165,IL7;IFIT3
Negative Regulation Of Translation (GO:0017148),1/107,0.218889677794362,0.255545843932174,0,0,4.16100628930818,6.32134845276591,EIF2AK2
Positive Regulation Of T Cell Activation (GO:0050870),1/107,0.218889677794362,0.255545843932174,0,0,4.16100628930818,6.32134845276591,IL7
Positive Regulation Of Autophagy (GO:0010508),1/107,0.218889677794362,0.255545843932174,0,0,4.16100628930818,6.32134845276591,IFNG
Positive Regulation Of Metabolic Process (GO:0009893),1/108,0.220695892196139,0.256427608075513,0,0,4.12191069574247,6.2280816665872,IFNG
Glycerophospholipid Biosynthetic Process (GO:0046474),1/108,0.220695892196139,0.256427608075513,0,0,4.12191069574247,6.2280816665872,PLSCR1
Cell-Matrix Adhesion (GO:0007160),1/109,0.222498020550217,0.257907444248232,0,0,4.08353909465021,6.13689394382934,ITGA1
Positive Regulation Of Multicellular Organismal Process (GO:0051240),2/387,0.223434033804565,0.258378693119971,0,0,2.31038961038961,3.46244011223061,IFNG;EIF2AK2
Calcium Ion Transport (GO:0006816),1/112,0.227879979649345,0.262276957709624,0,0,3.97257257257257,5.87518135957503,MCOLN2
Protein Deubiquitination (GO:0016579),1/112,0.227879979649345,0.262276957709624,0,0,3.97257257257257,5.87518135957503,USP18
Positive Regulation Of Cellular Component Organization (GO:0051130),1/113,0.229665854044525,0.263710439467595,0,0,3.93690476190476,5.79169805243939,IFNG
Regulation Of Interleukin-6 Production (GO:0032675),1/114,0.231447687380222,0.264511642720254,0,0,3.90186823992134,5.70999945830417,IFNG
Protein Modification By Small Protein Removal (GO:0070646),1/114,0.231447687380222,0.264511642720254,0,0,3.90186823992134,5.70999945830417,USP18
Endoplasmic Reticulum To Golgi Vesicle-Mediated Transport (GO:0006888),1/115,0.233225488594905,0.265920650547461,0,0,3.86744639376218,5.63003327460817,PGAP1
Positive Regulation Of Protein Serine/Threonine Kinase Activity (GO:0071902),1/117,0.236769030401214,0.269331670945903,0,0,3.80038314176245,5.47509862046217,IFNG
Regulation Of Protein Binding (GO:0043393),1/118,0.238534788769348,0.27008115294534,0,0,3.76771130104463,5.40003497624838,IFIT2
Positive Regulation Of Cell Cycle Process (GO:0090068),1/118,0.238534788769348,0.27008115294534,0,0,3.76771130104463,5.40003497624838,PLSCR1
Cellular Response To Tumor Necrosis Factor (GO:0071356),1/119,0.24029655060802,0.271446103464615,0,0,3.73559322033898,5.3265132302865,STAT1
Positive Regulation Of Macromolecule Biosynthetic Process (GO:0010557),1/122,0.245557945259143,0.276748908282822,0,0,3.64242424242424,5.11477345665235,IFNG
Positive Regulation Of Intracellular Protein Transport (GO:0090316),1/126,0.252517721075538,0.283284248011178,0,0,3.52515555555556,4.85157940918174,IFNG
Cellular Response To Starvation (GO:0009267),1/126,0.252517721075538,0.283284248011178,0,0,3.52515555555556,4.85157940918174,EIF2AK2
Protein Homooligomerization (GO:0051260),1/129,0.257696296070179,0.288430716702402,0,0,3.44201388888889,4.667279738567,GBP5
Regulation Of Gene Expression (GO:0010468),4/1127,0.259482375676198,0.289765215858088,0,0,1.59699783742526,2.15445627530062,PLSCR1;IFNG;LAMP3;PARP9
Protein Localization To Organelle (GO:0033365),1/137,0.271334847561858,0.301620513918421,0,0,3.23823529411765,4.22395936672437,GBP5
Negative Regulation Of Cellular Biosynthetic Process (GO:0031327),1/137,0.271334847561858,0.301620513918421,0,0,3.23823529411765,4.22395936672437,EIF2AK2
Intracellular Calcium Ion Homeostasis (GO:0006874),1/139,0.274705997592827,0.304673924602954,0,0,3.19098228663446,4.12292095789459,SLC30A1
Positive Regulation Of Protein Kinase Activity (GO:0045860),1/145,0.284728163298495,0.315073341699922,0,0,3.0570987654321,3.84038973266981,IFNG
Positive Regulation Of Cellular Catabolic Process (GO:0031331),1/146,0.286385300264039,0.316190105268894,0,0,3.03586206896552,3.79609406014564,IFNG
Negative Regulation Of Protein Metabolic Process (GO:0051248),1/147,0.288038681263552,0.317297689518314,0,0,3.01491628614916,3.7525472059118,EIF2AK2
Skeletal System Development (GO:0001501),1/149,0.291334208562566,0.320205166167865,0,0,2.97387387387387,3.66763162510038,EVC
Positive Regulation Of NF-kappaB Transcription Factor Activity (GO:0051092),1/152,0.296249537268353,0.32487589704934,0,0,2.91434878587196,3.54546019127206,EIF2AK2
Regulation Of Cellular Component Organization (GO:0051128),1/153,0.297880556579701,0.325932088813664,0,0,2.89502923976608,3.50606189778996,MKI67
Epithelium Development (GO:0060429),1/154,0.299507877802467,0.326979517600903,0,0,2.87596223674655,3.46730194258351,STAT1
Protein Autophosphorylation (GO:0046777),1/162,0.312394296780586,0.339528767993154,0,0,2.73195307108351,3.17859766725467,EIF2AK2
Mitochondrion Organization (GO:0007005),1/162,0.312394296780586,0.339528767993154,0,0,2.73195307108351,3.17859766725467,IFIT2
Double-Strand Break Repair (GO:0006302),1/168,0.321906635409649,0.349089862399797,0,0,2.63300066533599,2.98448973899324,PARP9
Positive Regulation Of Cellular Biosynthetic Process (GO:0031328),1/174,0.331290202111602,0.358469220910115,0,0,2.54091201027617,2.80709933518775,IFNG
Intracellular Monoatomic Cation Homeostasis (GO:0030003),1/190,0.355696391414808,0.384026192500943,0,0,2.32392710170488,2.4021917262755,SLC30A1
Transcription By RNA Polymerase II (GO:0006366),1/192,0.358685210365546,0.385449934899229,0,0,2.29936009307737,2.35755718790757,ETV7
Modification-Dependent Protein Catabolic Process (GO:0019941),1/192,0.358685210365546,0.385449934899229,0,0,2.29936009307737,2.35755718790757,HERC5
Regulation Of Signal Transduction (GO:0009966),1/193,0.360174529332066,0.385449934899229,0,0,2.28726851851852,2.33568212785079,PLSCR1
Regulation Of Cell Differentiation (GO:0045595),1/193,0.360174529332066,0.385449934899229,0,0,2.28726851851852,2.33568212785079,EIF2AK2
Regulation Of Programmed Cell Death (GO:0043067),1/195,0.363143023926321,0.38777635815327,0,0,2.26345933562428,2.29279041192715,STAT1
Golgi Vesicle Transport (GO:0048193),1/197,0.3660980440204,0.390078265244444,0,0,2.24013605442177,2.25100990246586,PGAP1
Positive Regulation Of Nucleic Acid-Templated Transcription (GO:1903508),2/557,0.367973724832922,0.391222609408423,0,0,1.58877968877969,1.58837255329646,STAT1;PARP9
DNA-templated Transcription (GO:0006351),1/199,0.369039649581892,0.39150293259992,0,0,2.21728395061728,2.21030214312803,ETV7
Regulation Of Translation (GO:0006417),1/202,0.373427035656232,0.395298033406163,0,0,2.18385848535102,2.15117190338171,EIF2AK2
Regulation Of MAPK Cascade (GO:0043408),1/204,0.376335364602523,0.397514411095306,0,0,2.16212370005473,2.11298858706943,EIF2AK2
Regulation Of Angiogenesis (GO:0045765),1/205,0.377784572690038,0.398183307716498,0,0,2.15141612200436,2.09425548987279,STAT1
Negative Regulation Of Cell Differentiation (GO:0045596),1/207,0.380673112652413,0.400363101237883,0,0,2.13031283710895,2.05748648260742,IFNG
Positive Regulation Of Cellular Process (GO:0048522),2/594,0.398495858525259,0.417974541767433,0,0,1.48664004914005,1.367795328212,IFNG;IL7
Proteasomal Protein Catabolic Process (GO:0010498),1/220,0.399131427179557,0.417974541767433,0,0,2.0025367833587,1.83925899532685,IFI27
Protein Polyubiquitination (GO:0000209),1/226,0.407468077519209,0.425791053167824,0,0,1.94854320987654,1.74938784363559,IFI27
Negative Regulation Of Intracellular Signal Transduction (GO:1902532),1/231,0.414328760986722,0.431113934672751,0,0,1.90570048309179,1.67910414216464,STAT1
Negative Regulation Of Multicellular Organismal Process (GO:0051241),1/231,0.414328760986722,0.431113934672751,0,0,1.90570048309179,1.67910414216464,IFNG
Regulation Of I-kappaB kinase/NF-kappaB Signaling (GO:0043122),1/232,0.415691542413852,0.431611644038212,0,0,1.8973544973545,1.66552012546153,STAT1
Inflammatory Response (GO:0006954),1/236,0.421111714600002,0.436311075848834,0,0,1.86468085106383,1.6126825201842,IFNG
Positive Regulation Of DNA-binding Transcription Factor Activity (GO:0051091),1/246,0.434447867948283,0.449174914319412,0,0,1.78766439909297,1.49033884631261,EIF2AK2
Regulation Of DNA-templated Transcription (GO:0006355),5/1922,0.456852741678169,0.471340672175362,0,0,1.14743565276028,0.89889439886039,ETV7;IFNG;STAT1;PARP9;HDX
Positive Regulation Of Apoptotic Process (GO:0043065),1/270,0.465240362896486,0.478981639437732,0,0,1.62618752581578,1.24436047948146,IFIT2
Positive Regulation Of Cell Migration (GO:0030335),1/272,0.467731071137053,0.48053213203133,0,0,1.6140221402214,1.22643374054801,IFNG
Protein Modification Process (GO:0036211),2/711,0.490283973469319,0.502152837544562,0,0,1.23381202718297,0.879424837794109,PGAP1;EIF2AK2
DNA Repair (GO:0006281),1/291,0.490833818665483,0.502152837544562,0,0,1.50681992337165,1.07232789117065,PARP9
Positive Regulation Of MAPK Cascade (GO:0043410),1/310,0.512954674612726,0.523685943956088,0,0,1.41280115066523,0.943140543690325,EIF2AK2
Supramolecular Fiber Organization (GO:0097435),1/316,0.519742810251081,0.529508332781895,0,0,1.38546737213404,0.906679200047163,KIF2C
Proteasome-Mediated Ubiquitin-Dependent Protein Catabolic Process (GO:0043161),1/319,0.523102082793763,0.531820450840326,0,0,1.37218728162124,0.88914805814474,IFI27
Positive Regulation Of DNA-templated Transcription (GO:0045893),3/1243,0.551155240926968,0.559176211169149,0,0,1.05292573143286,0.627268675451757,PLSCR1;STAT1;PARP9
Protein Modification By Small Protein Conjugation (GO:0032446),1/364,0.570816732494729,0.577922334973917,0,0,1.1993265993266,0.672446928580333,HERC5
Phosphorylation (GO:0016310),1/429,0.631594125227269,0.638132366689249,0,0,1.01381100726895,0.465854570501966,EIF2AK2
Protein Ubiquitination (GO:0016567),1/434,0.635903780045608,0.641159183186481,0,0,1.00184757505774,0.453544428363248,HERC5
Positive Regulation Of Transcription By RNA Polymerase II (GO:0045944),2/938,0.642177820591298,0.646150054533099,0,0,0.923562548562549,0.409036649023148,PLSCR1;STAT1
Negative Regulation Of Nucleic Acid-Templated Transcription (GO:1903507),1/456,0.654287588205384,0.656980129720632,0,0,0.952332112332112,0.403987173897939,IFNG
Protein Phosphorylation (GO:0006468),1/500,0.688372038071095,0.689785533015799,0,0,0.866399465597862,0.323535943184994,EIF2AK2
Positive Regulation Of Intracellular Signal Transduction (GO:1902533),1/525,0.706249761519414,0.706249761519414,0,0,0.824003392705683,0.286577119311844,EIF2AK2
