"","MM.purple","padj.MM.purple"
"B_IFI44L",0.756983164447569,7.53907625951425e-18
"B_RSAD2",0.608968192089666,9.46881156657203e-10
"B_IFIT1",0.544692030959603,2.02259879053391e-07
"B_IFIT3",0.550618558288157,1.30012479973413e-07
"B_OASL",0.399247273342836,0.000973887654799953
"B_CMPK2",0.669326579409635,1.72878514978241e-12
"B_IFI44",0.679756444580204,4.93335748676207e-13
"B_HLA-C",0.30916939541797,0.024204457137626
"B_ISG15",0.505734752903733,3.07750373540155e-06
"B_SIGLEC1",0.342319037535923,0.0087588757807407
"B_TYMP",0.337432218783021,0.0103212743216414
"B_OAS3",0.611828002962349,7.2928137716486e-10
"B_IFIT2",0.304772562136303,0.0276079740969237
"B_IFITM1",0.447485815347995,9.52774471705815e-05
"B_IFI6",0.551509865525425,1.21594786598913e-07
"B_RNY3",-0.489702025900698,8.43329292274186e-06
"B_COCH",-0.346137874057402,0.0076603281579523
"B_SNORD3B-1",0.289708370545966,0.0410650573368011
"B_LGALS3BP",0.416307299701564,0.000448914871554807
"B_LINC01781",-0.352953801999532,0.00606402165636972
"B_BTNL9",-0.597502465885333,2.7194996845624e-09
"B_SNORD118",-0.318694963188037,0.0184430653235457
"B_SPATS2L",0.397005944581709,0.00107185267690571
"B_USP18",0.690150944730478,1.34589900734058e-13
"B_AC010733.2",-0.339038535840088,0.0098062211055562
"B_AC011462.1",0.295099528088034,0.0357629202022506
"B_CD27",-0.342174288404855,0.00878800734445382
"B_CD1C",-0.404540955079551,0.000772866953680559
"B_COL4A3",-0.41377708224087,0.000502262865473082
"B_ODF3B",0.414925541746293,0.000477758676828885
"B_LY6E",0.342299153245089,0.0087588757807407
"B_SNORA8",-0.325529878744462,0.0150466011073986
"B_BAIAP3",-0.307677006347717,0.02531876905653
"B_LILRA4",-0.439317335630698,0.000146372813004568
"B_SNORD3B-2",0.282356717151757,0.0491020779632013
"B_RNU5A-1",-0.320390056963915,0.0175686066688396
"B_AL928742.1",-0.323191783840884,0.0161573001852021
"B_CARMIL1",-0.309313950701454,0.0241447481461293
"B_HERC5",0.519763394957619,1.21094904097829e-06
"B_LINC00494",-0.297517611914903,0.0335114630537752
"B_SNORA81",-0.40665551871285,0.000701065213522253
"B_CRIP2",-0.290777437607013,0.040052149548165
"B_IRF7",0.400964020910223,0.000903366177773562
"B_COL4A4",-0.352744687877998,0.00609554765336411
"B_TNFRSF13B",-0.350389827809621,0.00661237958572872
"B_TBC1D27P",-0.28986249018065,0.0409239890109653
"B_HAPLN3",0.410594087943968,0.00058503038235708
"B_JAM3",-0.359718324543545,0.00478034783344023
"B_SCO2",0.285178327935114,0.045911563154089
"B_MX1",0.618154810722129,3.96445524731801e-10
"B_ATF3",0.281675470494206,0.049828577492466
"B_XAF1",0.682630059787833,3.50452966578242e-13
"B_FBLN2",-0.389205104220954,0.00147889622520353
"B_LAP3",0.340637048997664,0.00926062987901506
"B_DDX60",0.303422749016314,0.0285638001734669
"B_GPR155",0.289844887456931,0.0409240852145701
"B_SLC22A15",-0.315752883557991,0.0200425020788629
"B_RNY4",-0.352182976145665,0.00621112574268231
"B_EPSTI1",0.556202285026595,8.50482807421072e-08
"B_RNY1",-0.497927644484698,5.05118837816516e-06
"B_FPR3",0.317510933076617,0.0190634219281839
"B_OR2A20P",-0.430248095449272,0.000229776291464859
"B_MMRN1",-0.404198238438015,0.000784088768486818
"B_STAT1",0.530838754032069,5.55012289773307e-07
"B_EML6",-0.288845180388676,0.0419334858505748
"B_C10orf128",-0.460808035049529,4.60924182044463e-05
"B_REXO1L1P",0.291938942106576,0.0388956599943461
"B_SMPD3",-0.365758680591701,0.00382122808678284
"B_HLA-DRB6",-0.330755941707176,0.0127058594536608
"B_HELZ2",0.352570982787231,0.00612841656104367
"B_EPHA4",-0.366296747921823,0.00374391610748805
"B_IFI27",0.406555213685092,0.000703669588135777
"B_LINC01857",-0.28422654212764,0.0469347930576681
"B_OAS1",0.401489681979423,0.000881532762165344
"B_SLC6A6",-0.282923160826523,0.0483601430233052
"B_PARP9",0.396345074121773,0.00110465987884134
"B_SNORA23",-0.296144253548412,0.0347963506549904
"B_SNORD89",-0.361461614725584,0.00446613495621587
"B_CARNS1",-0.294654449924475,0.036203819347836
"B_EIF2AK2",0.610514119997491,8.26363250587536e-10
"B_LINC02422",-0.313040668380049,0.0216599206354727
"B_EHD3",-0.35865427282446,0.00496340658762088
"B_ASPM",0.312999321582401,0.0216773826874993
"B_GUSBP9",-0.331401999986714,0.0124504275575361
"B_GALNTL6",-0.434523553856772,0.00018629232576368
"B_GATM",-0.423694926346343,0.000314854538652251
"B_TNFSF9",-0.315091692097919,0.0204174530377079
"B_CPED1",-0.356932292365696,0.00528371698736459
"B_VCL",-0.294562899320911,0.0362957579079154
"B_WEE1",-0.310122061468576,0.0235279896655236
"B_EPHB2",0.352993204912815,0.00606125026818087
"B_LDLR",0.378802534712969,0.00227991594898361
"B_AL031733.2",-0.415732505665242,0.000460514208572976
"B_XRRA1",-0.292654454288757,0.0381639592928847
"B_SSPN",-0.338273956313628,0.0100582931745853
"B_XKR4",0.305228080733201,0.0271988492428757
"B_CCDC191",-0.394626854111422,0.00118106279031921
"B_DUS2",-0.343383672385493,0.00845730013308541
"B_CLECL1",-0.282222684237383,0.0492924084821751
"B_OAS2",0.363898616284687,0.00410583490875718
"B_TLR10",-0.327199708522695,0.014280775007026
"B_PRAMENP",-0.317063002329934,0.0193128508915932
"B_AIM2",-0.393620024126329,0.00123653229002468
"B_HERC6",0.588256798257572,6.23933219707336e-09
"B_JADE3",-0.336729985068457,0.0105418956825149
"B_CXCL10",0.343704522479136,0.00838531895592229
"B_FRMD3",0.30030952593595,0.0311016345874533
"B_LINC01091",0.331602534332949,0.0124001360267617
"B_AC022916.1",0.297098992925591,0.0339172416336801
"B_LAMP3",0.462290082546655,4.26353056524535e-05
"B_HNRNPA1P70",-0.304333185274434,0.0279500375171001
"B_AC007744.1",-0.396993640427376,0.00107185267690571
"B_IL2RA",-0.427601495598427,0.000261025580868301
"B_SNORA6",-0.286269343729691,0.0447270253793705
"B_SMAD7",0.325231113195472,0.015195750418881
"B_JADE1",-0.282901579781631,0.0483601430233052
"B_ZNF385A",0.305964057721262,0.0265990670433607
"B_IFI35",0.390620902659906,0.00139448802871922
"B_TEX9",-0.323527637430518,0.0160109103055919
"B_SORCS3",0.286734004793969,0.0442655464090242
"B_IL5RA",-0.336051036808935,0.010737340590866
"B_MPDZ",0.291491314839498,0.0393511106518646
"B_ST14",-0.344144036599583,0.00825136168413844
"B_DLX6-AS1",0.288348780604625,0.0424669409831055
"B_AC136475.1",0.493599087169684,6.6678757945213e-06
"B_ADAM32",0.316377076672214,0.0197391771993828
"B_PGAP1",0.52014776275898,1.18284149020733e-06
"B_BHLHE41",-0.363583500349613,0.00414960127342293
"B_TMEM123",0.333317009854926,0.0117426865275417
"B_WNT16",-0.364704645387658,0.00398475433888623
"B_IGFBP4",0.35438155734775,0.005761413651821
"B_GBP4",0.422243610599629,0.000336536581330626
"B_CPT1A",0.293398077022515,0.0375007100991845
"B_SNORA74D",-0.318655762547897,0.0184474803804746
"B_TENM4",-0.286746751536074,0.0442655464090242
"B_IPO8P1",0.287183251684509,0.0437806416046409
"B_SNORA28",-0.325106134172293,0.0152445286505873
"B_SHROOM3",0.326769151640664,0.0144732006226272
"B_AL360012.1",-0.371434831835684,0.00308304367764559
"B_PAPSS1",-0.318713832347488,0.0184430653235457
"B_AGRN",0.458148376643206,5.34231973922044e-05
"B_TEAD2",-0.4657759674201,3.51796597310931e-05
"B_AC092828.1",0.304506928720333,0.0278225473515286
"B_SP140",-0.33648281398916,0.0106078662299047
"B_PLOD2",0.290612033572539,0.0401345197662192
"B_DAAM1",-0.358092150889952,0.00505883553048616
"B_AMPD3",-0.332142021234604,0.0121851333975539
"B_EVI2B",-0.2842021241799,0.0469463978678662
"B_RUFY4",0.311217050110592,0.0228141951127348
"B_TRHDE",0.331420867416116,0.0124504275575361
"B_RHOBTB3",-0.529281445259323,6.19972656322238e-07
"B_SOWAHD",-0.327859851662213,0.0140113891775187
"B_GTF2H2C",-0.306350697164842,0.0263039064383583
"B_CBWD4P",-0.307881381959074,0.0252192419471349
"B_AF131215.5",-0.296020199678231,0.0348600131555203
"B_ADRB2",-0.432643507512528,0.00020394103809224
"B_AC005912.1",-0.288375482607267,0.0424536053859262
"B_BMPR1A",-0.367820879321935,0.00353834275511847
"B_CD24P4",-0.392506592087755,0.00129630622700399
"B_ONECUT2",0.291601515415843,0.0392272118430084
"B_PHF23",-0.326554370577971,0.0145468285390591
"B_NPIPB14P",-0.340941701753447,0.00916369067645915
"B_APOL4",0.306891882396667,0.0259374272835449
"B_MTND6P15",0.297962873957597,0.0331562672775054
"B_ZNF625-ZNF20",-0.312638507983825,0.0219039696573969
"B_TFPI",0.316251573721429,0.0197969473939348
"B_KLHDC7B",0.440045207026083,0.000141438330163925
"B_ATRNL1",-0.487926860981649,9.41099603276561e-06
"B_DUXAP9",0.319347244632333,0.0181333047543239
"B_FREM2",0.300499512847053,0.0309949356930582
"B_RASA4B",0.32164497861722,0.0169621238565006
"B_TDRD15",-0.302885611817416,0.0289407653850021
"B_PDXP",-0.351844390095272,0.00628783437732069
"B_IL7",-0.398290297935372,0.00101781314419495
"B_CBX1",-0.295740680955847,0.0350662159993137
"B_EEF1A1P5",-0.315599750011779,0.0201245021872077
"B_BTG2",-0.354939493978483,0.00564911515270972
"B_RPA1",-0.286934051687702,0.0440715616481911
"B_AL158850.1",-0.31694578011348,0.0193687498505519
"B_MID2",-0.373558338295563,0.00282802509505235
"B_ZFHX4",0.297867509853889,0.033231677179341
"B_AC105342.1",0.304182459684851,0.0279898572759601
"B_PTGER3",0.31058213458665,0.0232616661673715
"B_RGS13",0.461175236844752,4.52592768832266e-05
"B_WFDC21P",-0.325163472333321,0.0152231209398972
"B_BRD8",-0.339399104618628,0.00968232142639903
"B_HHLA1",0.283556740282768,0.0477072393569456
"B_DAB1",0.337221204212994,0.0103815505650424
"B_DTNA",0.286812523103723,0.0442224699062122
"B_TNR",-0.435057047944267,0.000181750602425804
"B_ADGRG4",0.285950139610335,0.0450515828625003
"B_FAM171B",0.333940371815494,0.0115125312454956
"B_RBBP5",-0.308708346812858,0.0245780797716238
"B_AP1S3",-0.478642727554653,1.64127239981799e-05
"B_PCLO",0.301755885796899,0.0299045855344898
"B_GPRC5A",0.300315197301937,0.0311016345874533
"B_ABCA8",0.296019202711398,0.0348600131555203
"B_FAT1",-0.356341887825593,0.00537019638433227
"B_LHFPL2",-0.306321135158751,0.0263139617798111
"B_CNNM4",-0.34738520132993,0.00736451652759919
"B_POF1B",-0.323771177972561,0.0158913504332276
"B_CECR7",-0.423875781703514,0.000312302891988548
"B_AC024293.1",-0.361877286256663,0.00440051582005661
"B_APH1B",-0.306128509955033,0.0264785213535522
"B_CD70",-0.390093410795858,0.00142488612472887
"B_ANKRD20A8P",0.295498156618058,0.0353176183606057
"B_FIGN",0.319872712138179,0.0178732593752352
"B_AC007952.7",-0.31359734509964,0.0213584011259471
"B_CEP55",0.338279463673521,0.0100582931745853
"B_GNG11",-0.388390281378331,0.00152608112410602
"B_MYO10",0.337229113254802,0.0103815505650424
"B_AL160408.3",0.292500097630762,0.0383193729702644
"B_CARMIL3",-0.309779589533545,0.0237895899667
"B_SNTA1",-0.391453147798725,0.0013516424541714
"B_SEMA3A",0.281642443852852,0.0498296654275315
"B_HOMER2",-0.352885233348845,0.00607129954316164
"B_APCDD1",0.342278204426272,0.0087588757807407
"B_CLIC2",0.305454945118317,0.0269971898836484
"B_CSGALNACT1",-0.317515636243795,0.0190634219281839
"B_CDK11B",-0.327295496366375,0.0142395447640198
"B_IGF1R",-0.319579259248424,0.0180440981356002
"B_WNT2B",0.283441406915033,0.0478228819855063
"B_SBF2-AS1",-0.316040200269596,0.0199144641022038
"B_SCRN1",-0.321454819046616,0.0170582811263213
"B_AL590705.5",-0.295292741389067,0.0355471427316536
"B_PPFIA2",0.30244649147568,0.0293366634199993
"B_ZNF429",-0.281982009220643,0.0495752524065114
"B_AC008040.2",0.362501735549608,0.00430459581095324
"B_TRIM64",0.28796092001426,0.0428748095197575
"B_AL136360.1",0.28235822694573,0.0491020779632013
"B_ZNF322",-0.292265334595759,0.038557836365929
"B_TAX1BP3",-0.325451669481681,0.0150798294468844
"B_CDK1",0.300807616108587,0.0307405293412154
"B_HBG2",0.290138974987,0.0406629048837852
"B_SYBU",-0.516359542309682,1.52455496915717e-06
"B_GPR137C",0.363292234102643,0.00418947237894206
"B_DNAJC5B",-0.286137253798762,0.0447962240562752
"B_CNTNAP4",0.285764255860859,0.0452285604497788
"B_NEXMIF",-0.427309584986119,0.000264367478559517
"B_FRMPD3",-0.285322201768472,0.0458417173749268
"B_PXDC1",-0.368891716885488,0.00339288949855715
"B_EFHC1",-0.336108463272487,0.0107283487039992
"B_AL359976.1",0.287282375915958,0.0436604968850931
"B_PFKM",-0.303318384915355,0.0286128942275823
"B_AC003984.1",0.318955731027369,0.0183186254809956
"B_CYP46A1",0.306799023101396,0.0259895114430428
"B_DLGAP1",0.387140540834462,0.00160346414777925
"B_BBS10",-0.313147323704088,0.0215906016365554
"B_KIF4B",0.354588414441328,0.00572240730099389
"B_PALMD",0.326003842922324,0.0148106805668911
"B_DGKI",0.307697701619338,0.0253172410736589
"B_ZCCHC3",-0.321158946501678,0.0172103770629109
"B_PTGIS",0.282980724692285,0.0483143557290298
"B_AC025569.1",-0.434487826559164,0.000186379072802651
"B_A1CF",0.350250553738412,0.00662592384251449
"B_POLR3GL",-0.323492382209066,0.0160109103055919
"B_AL512310.7",0.284345112132483,0.0468782645373163
"B_NDRG3",-0.370786919528621,0.00315964090441101
"B_ALPK2",0.335156531237172,0.0110613433646176
"B_GMPR",0.466718213047486,3.33471710215199e-05
"B_TUBB",-0.304190494494596,0.0279898572759601
"B_DOCK7",-0.320023873220328,0.0177854219513752
"B_ZNF623",-0.300239412091947,0.0311581996403502
"B_DHX58",0.431559176984709,0.000215331498715758
"B_STARD10",-0.300948972648989,0.0306437160989565
"B_PCSK2",0.331601072456053,0.0124001360267617
"B_TSHZ1",-0.334196789700949,0.0114347445378688
"B_MPZL1",-0.31719747300542,0.0192305357356852
"B_GRIK3",-0.429602013943159,0.000236218859132257
"B_CDR1",0.310505662756077,0.0232991342518331
"B_ARHGAP20",-0.351671340793754,0.00631946092996239
"B_AGMAT",-0.312405982315038,0.0220445471960647
"B_NRIR",0.489717881318259,8.43329292274186e-06
"B_PRKCZ",-0.301864936263391,0.0298298562603546
"T_IFI44L",0.805145124115407,6.88155040163745e-22
"T_HLA-C",0.348877254713674,0.00697562106127015
"T_IFIT3",0.700161842097967,3.73287932464018e-14
"T_SNORA81",-0.312431878495361,0.0220392599375299
"T_RNY1",-0.414513475187592,0.000486947795242989
"T_TYMP",0.415599822006718,0.00046303858863516
"T_SNORA54",-0.303222458453399,0.0286725354270053
"T_RNY4",-0.37098544204041,0.00313521947891217
"T_AMIGO3",-0.405136726386999,0.000753252054584983
"T_IFIT1",0.6338089745704,8.38990499030084e-11
"T_RNU2-59P",-0.313904613382805,0.0212091760898404
"T_RSAD2",0.735772521266809,2.31287834771825e-16
"T_RNY3",-0.404983194309613,0.000757056674826558
"T_SNORA8",-0.365721460636312,0.00382345813000623
"T_IFI27",0.562186791884923,5.33339350182246e-08
"T_ISG15",0.5151068853965,1.6557477959002e-06
"T_RGS1",0.37818871648178,0.00233945845614939
"T_IFI44",0.770979058348035,6.48042499777763e-19
"T_SLC4A10",-0.308117792038068,0.0250221015079834
"T_RNU1-2",-0.327451275509012,0.0141883801984632
"T_RNU1-27P",-0.327451275509012,0.0141883801984632
"T_RNU1-4",-0.327451275509012,0.0141883801984632
"T_RNU4-2",-0.311415351875072,0.0226654935742459
"T_RNVU1-7",-0.312278689186588,0.0221162612270275
"T_HELZ2",0.389504300663191,0.0014632971894808
"T_OAS1",0.704356698465734,2.13263030300572e-14
"T_SNORA46",-0.366173314399822,0.00376029198369984
"T_SNORD89",-0.342733155958718,0.00863358203868028
"T_CMPK2",0.674313510675912,9.55817043120065e-13
"T_RNU4-1",-0.355349514805634,0.00556821426651959
"T_HSPA1B",0.338530806538688,0.00997281851825604
"T_LY6E",0.363252442512711,0.00419239866838844
"T_IRF7",0.43563709350234,0.000176598049379282
"T_SNORA62",-0.335514517828042,0.0109403802209726
"T_MX1",0.708728451439395,1.17106583223971e-14
"T_SLC2A3P1",-0.285831842317448,0.0452041525230011
"T_SNORA6",-0.29819792015244,0.0329355857352545
"T_AC103591.3",0.290365250378861,0.0403999451131165
"T_SNORA48",-0.446260811309161,0.00010150374018182
"T_SNORA3A",-0.313606749479293,0.0213584011259471
"T_RNU6ATAC",-0.333983458030028,0.0115125312454956
"T_RNU2-2P",-0.296105776594917,0.0348209443049069
"T_IFI6",0.574329270299634,2.03319988282271e-08
"T_SNORA26",-0.336093592642893,0.0107283487039992
"T_OAS3",0.556174742913373,8.50482807421072e-08
"T_RNU6-1",-0.320999044170559,0.0172516589870317
"T_RNU6-3P",-0.320999044170559,0.0172516589870317
"T_RNU6-5P",-0.320999044170559,0.0172516589870317
"T_ODF3B",0.399370949276572,0.000969777371042397
"T_SNORA31",-0.294382509375895,0.0364743734526808
"T_S100B",-0.308468968483704,0.0247405803637207
"T_USP18",0.736191725448634,2.17301394423465e-16
"T_USP32P2",-0.331698604706314,0.0123883197733173
"T_IFIT2",0.455586934161074,6.17728258291571e-05
"T_THEMIS2",-0.395829449934729,0.00112832984788795
"T_EPSTI1",0.63825287011531,5.31013671954641e-11
"T_OASL",0.572506924933684,2.35819556151255e-08
"T_FAM13A",0.297055639196307,0.0339469586494084
"T_MYO3B",0.34043173482659,0.0093293495629025
"T_SNORD33",-0.34321793144691,0.00849919878953476
"T_AL360012.1",-0.333442441312323,0.0117044356625515
"T_SNORA63",-0.300468247451197,0.031008886281908
"T_SNORA23",-0.33455797138977,0.0112952825512369
"T_SNORA70",-0.301677083853564,0.0299683129984983
"T_SNORD13",-0.363957525829888,0.00409957102249105
"T_HIST1H2BC",0.331181537815847,0.0125478425839471
"T_IFITM1",0.310285609207149,0.0234373718001999
"T_SNORA10",-0.417505857257388,0.000425458541372807
"T_LGALS3BP",0.33396070187017,0.0115125312454956
"T_SNORA21",-0.401820515649662,0.000869446028421475
"T_XAF1",0.739825212980169,1.2401000768825e-16
"T_HIST1H1B",0.315036281717126,0.0204445215063226
"T_ZBTB16",-0.410603483996343,0.00058503038235708
"T_PLSCR1",0.486126260426378,1.0512727862419e-05
"T_SNORA2C",-0.370063735816759,0.00323492099174998
"T_RTKN2",0.293550568035357,0.0373738067831541
"T_SNORA37",-0.392979048573613,0.00127197431465069
"T_HIST2H2BE",0.291113725189557,0.0397645285841437
"T_SNORA14B",-0.293407206848919,0.0375007100991845
"T_NRCAM",-0.387451856497083,0.00158202618718737
"T_PATL2",0.326236041722809,0.0147025240645133
"T_SNORA50A",-0.311522287888949,0.0225929891865508
"T_SNORA49",-0.303617918017184,0.0284418735580314
"T_SNORA38B",-0.344622403389197,0.00812123370293051
"T_LGALS9",0.429662383290789,0.000236103641050704
"T_LAP3",0.351656440068576,0.00631946092996239
"T_HIST2H2BF",0.298459449512186,0.0327266728725048
"T_EIF2AK2",0.680510582986196,4.51789962642569e-13
"T_SNORA71B",-0.379111501554003,0.00225083647512446
"T_AL390728.6",0.290802100796798,0.040052149548165
"T_SNORA27",-0.292858585384211,0.0379443721570747
"T_SNORA66",-0.347472159933721,0.00735174350252211
"T_MT-ND3",-0.440668560458065,0.000137038470432676
"T_SNORA64",-0.345916382397115,0.00772323819938354
"T_AC145138.1",-0.336460636919448,0.0106078662299047
"T_MTCO3P12",-0.284506899874681,0.0467367127965944
"T_SNORA7B",-0.300934186492796,0.0306437160989565
"T_SNORA74D",-0.398587397385124,0.00100446039939438
"T_SNORA71D",-0.298216460566539,0.0329355857352545
"T_SNORA28",-0.355651971975097,0.00552426624859636
"T_SCRN1",-0.322304245791001,0.0166206287920839
"T_SNORA3B",-0.312601209817671,0.0219183827913362
"T_HSH2D",0.502560542719691,3.76211764854473e-06
"T_IFI35",0.359607317656786,0.00479733313854704
"T_RNU6-8",-0.285257111000617,0.0458596066473582
"T_ETV7",0.287840633147655,0.043022038555076
"T_SPATS2L",0.657771246550788,6.42166430338718e-12
"T_PGAP1",0.66975828828688,1.64654449135055e-12
"T_SNORD46",-0.357954297459551,0.00508364474897616
"T_HIST1H2BK",0.290695333122423,0.0401170060319266
"T_HERC5",0.684452409560867,2.78916031217179e-13
"T_IFNG",0.473984825396468,2.16396822507347e-05
"T_SCARNA8",-0.294757010672281,0.0360983820170656
"T_ZFP91-CNTF",-0.4420078751226,0.000127958245268722
"T_CDH23",-0.35328697273951,0.0059984085352912
"T_CORO7-PAM16",0.303979973079257,0.0281152144714309
"T_SCARNA3",-0.320994134454275,0.0172516589870317
"T_RCAN2",0.294245314852755,0.0366043130705509
"T_ACTN1",-0.288590648136301,0.0422208548984483
"T_SNORA1",-0.315550560455744,0.0201318936971065
"T_SNORA22",-0.297562928859963,0.0334798237695882
"T_LAMP3",0.837703296599098,2.56387371535341e-25
"T_AC022826.2",-0.33644224987105,0.0106078662299047
"T_CARMIL3",0.393356455933145,0.00125072388455187
"T_PARP9",0.639863280190874,4.48009749155197e-11
"T_SAMD9L",0.573181253439428,2.23735316388609e-08
"T_B4GALNT3",-0.32033164200911,0.0175939247543375
"T_AGRN",0.356894364577928,0.00528457683520103
"T_AL365361.1",0.323499808332566,0.0160109103055919
"T_FBXO6",0.317442565670214,0.0190838228459472
"T_AL136295.5",0.417424250101314,0.000425969434298873
"T_RAP2A",0.293370892756309,0.0375126583100705
"T_GBP1",0.284480008571422,0.0467414671844491
"T_AL662899.2",-0.36149771159451,0.00446613495621587
"T_SNHG12",-0.302160591973462,0.0295766314993002
"T_MT-ATP6",-0.2991358211505,0.0320560913196798
"T_SESN1",-0.318748301331419,0.0184338718561612
"T_MT-CO2",-0.412992796518979,0.000520861182478632
"T_HERC6",0.795627498529249,5.3372188334162e-21
"T_SNORA65",-0.300658930723689,0.0308616584631613
"T_DDX60",0.732084965004977,4.0299501072422e-16
"T_DBN1",-0.283010700988705,0.0482933807166546
"T_FAM157C",-0.391260072644694,0.00136085623341904
"T_STAT1",0.575879235083615,1.79298284242079e-08
"T_GUSBP9",-0.288186679559986,0.0426246746400944
"T_SNORA60",-0.363748101279876,0.0041285357444402
"T_SNORA51",-0.295977439257696,0.0348603093308982
"T_SNORD116-8",-0.28446975499763,0.0467414671844491
"T_ANKRD20A4",0.28255217478373,0.0488472275879241
"T_GBP5",0.340200633434523,0.00940829674891005
"T_NBEA",-0.343926908943063,0.00831720290197928
"T_GSTM2",-0.28970922557584,0.0410650573368011
"T_VMP1",0.304180424534651,0.0279898572759601
"T_LINC02012",-0.356816569462657,0.00528886791212245
"T_HELLS",0.302379258100801,0.02938723334573
"T_MT-CO3",-0.318413312875892,0.0185828712242846
"T_JAML",-0.376320362237574,0.00252150041070899
"T_SEMA3G",0.328924976754076,0.0135328600058009
"T_SNORA2A",-0.295042588279129,0.0357888071440405
"T_SNHG20",-0.424949694393489,0.000297154872882684
"T_TMED7",0.30003254360177,0.0312842120499782
"T_RNU4ATAC",-0.292214278968574,0.0386017232617679
"T_ZNF208",-0.333501294803808,0.0116871372142611
"T_MT-CO1",-0.333669965173715,0.0116195008761242
"T_HIST1H2BL",0.31966974485838,0.0179964919120982
"T_SNORA5A",-0.406782209100125,0.000697549995153255
"T_DUSP10",0.290657633905093,0.040120348962714
"T_ADARB2",-0.373763697029257,0.00280819952573297
"T_OAS2",0.558101327235928,7.31087686259499e-08
"T_MCF2L2",0.286612000300916,0.0443699148968545
"T_IRF4",0.356841393992353,0.00528849656024903
"T_TOP2A",0.453945475564077,6.74203663232941e-05
"T_MKI67",0.422562646024364,0.00033186637846148
"T_STARD4",0.392692258313848,0.00128641405479619
"T_SNORA77",-0.300034702885182,0.0312842120499782
"T_KIAA0408",0.395589930851004,0.00113863634969663
"T_GOLT1B",0.423335272337413,0.00032043128659335
"T_TMEM200A",0.346912454150343,0.00747482230316211
"T_LAG3",0.295964839661472,0.0348603093308982
"T_SNORD32A",-0.281513666295936,0.049958917261118
"T_ARHGAP32",-0.367292359153247,0.00361019118531188
"T_MAML3",-0.33166455358504,0.0123945775827339
"T_CTAGE6",0.297950901684782,0.0331562672775054
"T_GMFB",0.323781518906756,0.0158913504332276
"T_MCOLN2",0.369020150667019,0.00337726403251331
"T_LDLR",0.301454083233377,0.0301657119873692
"T_RN7SKP71",-0.337997611957058,0.0101435210105903
"T_SNORA80E",-0.330602562398804,0.0127612060808122
"T_TRAV19",0.288038292721183,0.0427882279739146
"T_CDK6",0.341643035508671,0.00894894414549524
"T_FAR2",0.542096830443444,2.44540767194424e-07
"T_MX2",0.390091192453256,0.00142488612472887
"T_EEF1A1P5",-0.39469693824319,0.00117996381682138
"T_HDAC9",0.334614811754974,0.0112890109148769
"T_MAPK11",0.350222382029906,0.00662749233653982
"T_E2F2",0.390938387102546,0.00138017769441317
"T_REC8",0.397897045982219,0.00103357366522615
"T_SNORA84",-0.365961119078768,0.0037914576707836
"T_PLCB1",-0.376835310876494,0.00246874346223427
"T_DHX58",0.347124834334087,0.00741655269802006
"T_CYCS",0.346244600707823,0.00763379586133647
"T_RTP4",0.420596436886258,0.000364826036284137
"T_RF00092",-0.344557376786688,0.00813543400252928
"T_ARL5B",0.317262955651653,0.0191978427463302
"T_DDX60L",0.580333327166657,1.23668206062894e-08
"T_AFF2",-0.323995270976398,0.0158056177106177
"T_ASPM",0.437408460519822,0.000161186935797647
"T_RNA5SP202",-0.284151956629214,0.0469982068796844
"T_LINC00200",0.335631947606548,0.0108988254014732
"T_RPL21",-0.356882017678385,0.00528457683520103
"T_TRIM25",0.447733997152785,9.42363430631438e-05
"T_AL732372.2",-0.288898837471194,0.0419068768168968
"T_GCNT1",0.333925937633722,0.0115125312454956
"T_UBE2L6",0.293129343666292,0.0377394098377497
"T_TLR3",0.351949736931846,0.00626612371663499
"T_TLE1",-0.348269081494539,0.00713353707456372
"T_ZNF135",-0.341718721201902,0.00894366764365706
"T_BMI1",0.361327115252458,0.00448759028819268
"T_XKRX",-0.330791855821701,0.0127058594536608
"T_IFIH1",0.476864018269085,1.82508528348272e-05
"T_EML5",-0.299091207674855,0.0320856384572664
"T_SERPINE2",-0.284544619704928,0.0467045959214913
"T_PARP14",0.38683823013494,0.00162448492650442
"T_SYT11",0.389400095674314,0.00146705718753838
"T_SNORA14A",-0.37359340014457,0.00282667016014288
"T_DLGAP1",0.532998696144342,4.77307931999523e-07
"T_IFIT5",0.650484601826872,1.45509876517081e-11
"T_ITGA1",0.393896204204393,0.00122175116635267
"T_RRM2",0.543108101657706,2.27662455530544e-07
"T_AL031283.1",0.310887070293422,0.0230581402507144
"T_CD38",0.366543047802495,0.00370755576195231
"T_EIF4EP2",0.314017429259773,0.0211501892459399
"T_KBTBD11",-0.297026266387467,0.0339601995042675
"T_DNAJB14",0.370689134256529,0.00316244700198268
"T_SNORA58B",-0.312866980111425,0.0217519863224285
"T_AC051619.7",-0.301845238932613,0.0298298562603546
"T_BCAS1",0.358165890226624,0.00504794839028209
"T_IFNLR1",0.296222298302956,0.0347241259640991
"T_SNORA77B",-0.296951691551587,0.0340054282993982
"T_TWF1",0.34662664929613,0.00754243268068259
"T_APOBEC3H",0.327153655645139,0.0142946924617221
"T_ZNF835",-0.303334975981264,0.0286128942275823
"T_SOGA3",0.351627880627791,0.00632102660266194
"T_DGKH",0.315918776005628,0.01997513054891
"T_SRP9",0.323860963644477,0.0158618725208357
"T_EIF4E3",0.3158270474178,0.0200139332765094
"T_USP46",0.455921116643511,6.06773757091655e-05
"T_NREP",-0.285791598976415,0.0452131367583125
"T_ARL5A",0.327403982795529,0.0142028716508843
"T_MIR4435-2HG",0.350948246085275,0.0064846248655135
"T_SNORA71A",-0.430309350949929,0.000229352782430766
"T_AKAP2",0.559757469425665,6.40392642123126e-08
"T_FAS",0.358829585079268,0.00493123219707943
"T_RASSF2",-0.291887278219807,0.0388985535982407
"T_CHN1",0.293687142474137,0.0372218064849464
"T_ABHD13",0.338566090798539,0.00996744401524719
"T_RAB8B",0.302008256456171,0.0297169081572
"T_STAT2",0.350323175116918,0.00661831641733148
"T_KLF6",0.290784030591727,0.040052149548165
"T_AC090948.2",-0.281990964325636,0.0495752524065114
"T_EID1",0.342721450462058,0.00863358203868028
"T_HTD2",-0.464091540903285,3.86026540715978e-05
"T_SAMD9",0.480532751490352,1.46475037112661e-05
"T_RNY3P1",-0.295978104287584,0.0348603093308982
"T_WEE1",0.359909418743071,0.00474605465292379
"T_TCL6",0.332243893037523,0.012147906788933
"T_SLFN13",0.355448643539192,0.00555030454869438
"T_AKAP12",0.388858297338501,0.0014993550735728
"T_AC125257.1",0.31179476373103,0.022416340531676
"T_SNORA2B",-0.32240998299846,0.0165797641383569
"T_SNHG7",-0.306569871252678,0.0261153951337726
"T_CNP",0.302984955597439,0.0288579914980633
"T_ITGB1",0.284110118859002,0.0470105728064066
"T_RPS3AP6",-0.303387190635401,0.0285809295810434
"T_KRT73-AS1",-0.417054899454024,0.000433111736902864
"T_MCOLN3",0.286649406224791,0.0443399399275322
"T_DHCR24",0.326951333370543,0.0143950293858708
"T_MSC-AS1",0.363381572138967,0.00418186331104216
"T_TRIM59",0.324909621896728,0.0153353782390271
"T_C1GALT1",0.397954849358947,0.00103196311880459
"T_ST8SIA6",0.283149697839138,0.0481254108426568
"T_TMED5",0.328547988646194,0.0136986282437671
"T_RNU6-36P",0.384106947022747,0.00182638470265337
"T_PIGA",0.299553929573196,0.031650704838673
"T_DPEP2",-0.326010331592009,0.0148106805668911
"T_ZNF347",-0.330330082303354,0.0128764025968725
"T_ME1",-0.349115351001598,0.00691354932481538
"T_ERMN",0.313237724909218,0.0215497415325048
"T_NUSAP1",0.52772362453793,6.93898791452893e-07
"T_SCAMP1",0.341639973221819,0.00894894414549524
"T_CLEC2B",0.285241638063757,0.0458596066473582
"T_SLC38A5",0.315098149845592,0.0204174530377079
"T_CD164",0.394860249422811,0.00117216194559861
"T_PSME2",0.295800066164527,0.0350160364530358
"T_CDCA7",0.483971824030768,1.18775043946492e-05
"T_SNORD35A",-0.363009220710451,0.00421952803211832
"T_CXXC5",-0.407627655712907,0.000672000956121724
"T_LYSMD3",0.293031440838359,0.0378357665876428
"T_APP",-0.31321745699036,0.0215503995077681
"T_YOD1",0.303512431317644,0.0285297540194652
"T_SNORA47",-0.299920461061676,0.0313670999102079
"T_BTG3",0.39490393607359,0.00117216194559861
"T_FSD1L",0.363084271853592,0.00421032120369782
"T_SPCS2P4",-0.318493510853664,0.0185410310830923
"T_TAS2R14",0.290091180378577,0.0407046272014027
"T_AC084082.1",-0.31478456041898,0.0206058222193047
"T_TRAM1",0.32809121671403,0.0139203405674729
"T_AC021078.1",0.285005243578424,0.0460984120692783
"T_RNF5P1",0.363137936676513,0.00420896534169974
"T_RPS3A",-0.288235415413521,0.0425796346452876
"T_CDHR1",-0.289954335292856,0.0408210191104363
"T_AC139769.1",-0.293467676447936,0.0374572666755137
"T_SLC4A7",0.339608870943515,0.00960951814700236
"T_ZDHHC21",0.354675485420706,0.00570694012542563
"T_PCGF5",0.296474642690581,0.0344431872170132
"T_RAP2C",0.341624039773617,0.00894894414549524
"T_SPCS3",0.304243172304452,0.0279898572759601
"T_C21orf91",0.323517544989875,0.0160109103055919
"T_CEP55",0.405020129216077,0.000756648310184169
"T_PAQR8",-0.332498932315968,0.0120657541438273
"T_ZNF439",-0.311637418551784,0.0225139493149763
"T_AC025423.2",0.3242126572022,0.0157120624012357
"T_EIF4BP6",-0.356592141511536,0.00533432167972582
"T_RBMS2",-0.36308317808597,0.00421032120369782
"T_AC051619.8",-0.310029724683339,0.0235907002973782
"T_TMEM178B",0.522948432030104,9.70767037316435e-07
"T_ZNF267",0.380359941860532,0.00213488931858148
"T_DNAJB9",0.313380404542945,0.021467666072123
"T_VAMP4",0.337667498969053,0.0102425373789904
"T_ZBP1",0.461361944104665,4.49079429830956e-05
"T_LINC02397",0.355450309409261,0.00555030454869438
"T_EEF1B2",-0.30414957768335,0.0280019096768022
"T_WDR63",0.303763226817257,0.028314090036174
"T_MID2",-0.293215182417817,0.0376904539073916
"T_TMEM123",0.29191461536881,0.0388985535982407
"T_BRCA2",0.353224786583297,0.00600832753000617
"T_CHMP5",0.394861839168391,0.00117216194559861
"T_KPNA2",0.445187452490539,0.000107522786025773
"T_CLEC18C",0.290585615742253,0.0401465605699186
"T_BCL2L14",0.654406958765562,9.40573613332978e-12
"T_ZNF321P",-0.315565196977306,0.0201318936971065
"T_SLF1",0.336768487227316,0.0105418956825149
"T_TMEM255A",0.285043632303473,0.0460919123587208
"M_SIGLEC1",0.856940625123086,1.04188716577058e-27
"M_HLA-DQA2",-0.292321459944256,0.0385073256950203
"M_IFI44L",0.900278022779529,1.09835508334325e-34
"M_SNORD3B-1",0.284300265242472,0.0468782645373163
"M_OTOF",0.793161485841296,8.75750174972394e-21
"M_IFI27",0.788407068658338,2.29155503476556e-20
"M_HLA-C",0.40092042489501,0.000904154483950794
"M_ISG15",0.77265438635161,4.75059169187475e-19
"M_IFITM1",0.737433529308395,1.797971189303e-16
"M_RSAD2",0.897363461810495,3.94967555908037e-34
"M_LY6E",0.80146052254727,1.54753862359255e-21
"M_IFIT1",0.895462477907498,9.00033927328684e-34
"M_USP18",0.862509245769474,1.8466739351788e-28
"M_IFITM3",0.769214554078552,8.91988728151367e-19
"M_IFIT3",0.933393936811468,1.19628381763886e-42
"M_LGALS3BP",0.844855950520839,3.71162027761978e-26
"M_IFI6",0.922022676465348,1.54383929690268e-39
"M_JUP",0.283943496266518,0.0472448069527043
"M_APOBEC3B",0.573054669951244,2.25614844082767e-08
"M_MX1",0.872125208985306,7.30233414631142e-30
"M_IFIT2",0.911674575657942,4.75349632760689e-37
"M_IFI44",0.915352333295338,6.60045529625227e-38
"M_APOBEC3A",0.608187002839491,1.01815503544762e-09
"M_ATF3",0.423247953404601,0.00032145784732333
"M_IRF7",0.57791010554926,1.51943809905908e-08
"M_EPSTI1",0.935528591863379,2.68059791263087e-43
"M_RNU2-59P",-0.282547928242002,0.0488472275879241
"M_HIST1H2BD",0.358170580807295,0.00504794839028209
"M_OAS3",0.890740106176475,6.78561988280723e-33
"M_HLA-DRB1",0.288147818497019,0.042655569791752
"M_GBP5",0.793379400646355,8.4108177822332e-21
"M_CMPK2",0.926402617109818,1.16288536295023e-40
"M_HLA-DRB6",-0.296967797398159,0.0340054282993982
"M_TSNAX-DISC1",0.301218514182405,0.0303777424412016
"M_OASL",0.891866209392614,4.25840974343092e-33
"M_SCO2",0.554736299756401,9.48357622278633e-08
"M_CD69",0.390342941798129,0.00141132340269276
"M_IL1R2",-0.308276873668106,0.0248958330335858
"M_HERC5",0.900811858763177,8.82706752022663e-35
"M_HELZ2",0.536965615359883,3.57943592596761e-07
"M_TYMP",0.490574470316215,8.02561931327152e-06
"M_RHOB",0.313489613281526,0.0214122474654582
"M_RNY1",-0.378083437481347,0.00234809110997736
"M_HSPA7",0.286421178175405,0.0446029396241893
"M_ODF3B",0.530832942605901,5.55012289773307e-07
"M_FCGR3A",0.447967888910451,9.31357368631266e-05
"M_CXCL10",0.811454776143864,1.68516593524104e-22
"M_RNU2-6P",-0.347423072717405,0.00735982688086435
"M_MSR1",0.40410383790088,0.000786751073781928
"M_CDKN1A",0.367870856163755,0.00353806098550934
"M_SERPING1",0.881165048908898,2.68994700314549e-31
"M_CDKN1C",0.347271579593573,0.00739226110780721
"M_PARP10",0.283341349603709,0.0479279849989865
"M_GBP1",0.795931179967439,5.03033965967679e-21
"M_SNORD15A",-0.295597638665251,0.03521823927201
"M_HIST2H2BE",0.336885777982173,0.0105121496092729
"M_RASGEF1B",0.382770043855391,0.00192338663616033
"M_AGRN",0.764404484113692,2.09564826591318e-18
"M_SNORA8",-0.28192181626374,0.049591383829036
"M_C1QA",0.477693387347659,1.73587883371555e-05
"M_FCGR1A",0.510649373946786,2.22693465962583e-06
"M_HES4",0.547904752777478,1.58439359212937e-07
"M_TNNT1",0.311005433676455,0.0229749282403161
"M_FFAR2",0.563222394102579,4.9314638655083e-08
"M_FPR3",0.371523762774098,0.00307417217304956
"M_CCL2",0.748469309095755,3.11012049098407e-17
"M_CSRNP1",0.312172194478845,0.0221713116109852
"M_AL645608.8",0.498921376705063,4.74417775178927e-06
"M_EMP1",0.498968101043115,4.73821297957043e-06
"M_C2",0.711722803608955,7.8025255065448e-15
"M_SIK1",0.304499061788598,0.0278225473515286
"M_OAS2",0.939562920505803,1.37084067247933e-44
"M_TCN2",0.430968102854491,0.000221671237615001
"M_HAPLN3",0.464782094204898,3.72198679010595e-05
"M_FCGR1B",0.493663956531987,6.65172978775294e-06
"M_CXCR2P1",0.681164671779375,4.17494592312775e-13
"M_CHKB-CPT1B",0.429599538239642,0.000236218859132257
"M_SPATS2L",0.878755117577606,6.69904415030991e-31
"M_C1QB",0.518660963158353,1.29710596488542e-06
"M_FCGR2B",0.306571472686266,0.0261153951337726
"M_DDX60",0.858113152302839,7.23553950273785e-28
"M_ANKRD22",0.694228133003939,8.08966758394547e-14
"M_HLA-A",0.391711159202692,0.00133834563877472
"M_MYOF",0.467845916000828,3.12516338657892e-05
"M_SAMD9L",0.874195463745059,3.53082075372084e-30
"M_ATP10A",0.733363073012121,3.34032813871884e-16
"M_SLAMF7",0.617140512943065,4.37309959472374e-10
"M_SECTM1",0.397834245577698,0.00103543910853504
"M_XAF1",0.905809432897864,8.6118505292308e-36
"M_H1F0",0.359414667017899,0.00482360622867905
"M_KLHDC7B",0.821994610639829,1.41664135995129e-23
"M_FAM225A",0.641826333285991,3.65576577444581e-11
"M_OPTN",0.299846557291805,0.0313960782087537
"M_MGAM",-0.399359690572241,0.000969777371042397
"M_HIST2H2BF",0.306933170686624,0.0259174536205617
"M_ZBP1",0.814260220365233,8.85664001692399e-23
"M_EPHB2",0.603136579591578,1.63044990662636e-09
"M_SNORA21",-0.298657423406338,0.0325346058943829
"M_ETV7",0.834245143535829,6.4040881982071e-25
"M_GMPR",0.889207142225963,1.24184134378238e-32
"M_GBP4",0.833847840362765,7.07716717728771e-25
"M_EIF2AK2",0.837758098366729,2.54430932795723e-25
"M_HIST1H2AG",0.288858842920549,0.0419334858505748
"M_PIM3",0.28390475130297,0.0472790040630055
"M_CNTNAP3",-0.35032548857893,0.00661831641733148
"M_BATF2",0.783525713670611,5.94022677111048e-20
"M_AL627309.6",-0.341616261581459,0.00894894414549524
"M_SRC",0.305750722302528,0.0267850873905162
"M_HIST1H2AD",0.397201801494492,0.00106373070844758
"M_GBP1P1",0.837240447309269,2.89163331953481e-25
"M_IFITM2",0.435364802425807,0.000178983109873448
"M_LILRB4",0.300893012080253,0.0306681864969363
"M_SAT1",0.328032987837073,0.0139291903998802
"M_AL360012.1",-0.285309524229044,0.0458417173749268
"M_PROK2",-0.281660364148324,0.049828577492466
"M_DHRS9",0.315012068008889,0.0204480225408181
"M_NECTIN2",0.31458992203517,0.020739524273605
"M_CLU",0.499827472403954,4.48526145121406e-06
"M_CALHM6",0.350728299712295,0.00653205712061474
"M_SLFN5",0.483182113297737,1.24471374654481e-05
"M_SNORA48",-0.297369436174819,0.0336208925762139
"M_BORCS7-ASMT",-0.281930530914638,0.049591383829036
"M_HERC6",0.758083703522136,6.3616121815188e-18
"M_MS4A4A",0.43942122590895,0.00014575373653218
"M_EPB41L3",0.28706253992904,0.0439074067767392
"M_ISG20",0.562977867007687,5.02025933488941e-08
"M_TLR7",0.408228071204989,0.000653929393348421
"M_AL391807.1",-0.283761549469393,0.0474775108052858
"M_CYP4F3",-0.33882776460481,0.00988077738944116
"M_MT-ND3",-0.494913779943418,6.13655658732417e-06
"M_DUSP5",0.509115162743959,2.46251467950243e-06
"M_RHOC",0.318144672640566,0.0187285563657509
"M_CCR1",0.375607818646835,0.00260129018671558
"M_LAP3",0.795228428651893,5.77875775036768e-21
"M_NEXN",0.797431910621261,3.6644356096548e-21
"M_SLC31A2",0.326839143755087,0.0144457951884021
"M_MX2",0.861845366254318,2.25570961898978e-28
"M_HIST1H2BC",0.366726948777085,0.00368251562802572
"M_TNS1",0.540454334973548,2.76807273803593e-07
"M_SAMD4A",0.824342649994665,8.12105674288129e-24
"M_IL21R",0.35267407187427,0.00610779809824688
"M_OSBPL5",0.298302612243803,0.0328773190567108
"M_MEGF6",-0.359038342309959,0.00489223522247987
"M_U62317.5",0.550098386562596,1.35075163937812e-07
"M_POC1B-GALNT4",0.365205261167144,0.00390263225089603
"M_APOL4",0.347191254715244,0.00740310094092447
"M_AL137247.1",-0.318648598300386,0.0184474803804746
"M_BASP1",-0.301286061659989,0.0303252651831766
"M_AXL",0.660326247608227,4.86862639632439e-12
"M_AP003419.1",-0.402551245973474,0.000841921644391481
"M_FAM20A",0.336526186767884,0.0106077665859263
"M_IFI35",0.723246307983045,1.50815545738432e-15
"M_PARP9",0.933320463973585,1.21282987420899e-42
"M_LGALS9",0.453908842063588,6.7455620140376e-05
"M_CTSL",0.675660910283245,8.15227552040593e-13
"M_PGAP1",0.570723345146285,2.71071394634802e-08
"M_TCF7L2",0.43360640881359,0.000194685894281203
"M_PTGFR",0.388653283336283,0.00151080957526378
"M_SNORA71B",-0.380942973612012,0.00208548198480027
"M_EVL",0.402820215293096,0.000831885798193923
"M_REC8",0.425303883873625,0.000292043446431134
"M_WARS",0.508336991322165,2.5935059158625e-06
"M_CD79B",0.326657592026015,0.0145174580351546
"M_TGM2",0.474584459824127,2.09193662823779e-05
"M_KIAA1958",0.787310227623884,2.85329357930607e-20
"M_PARP14",0.908834682526546,2.01261406849763e-36
"M_LYNX1",0.281727078687893,0.0498005450699497
"M_CD40",0.572357487553274,2.38260374444099e-08
"M_DHX58",0.781585378008996,8.65118169089428e-20
"M_ADAMTS5",-0.529679416343852,6.03257973477492e-07
"M_IL1RN",0.372127110067355,0.00299568233298997
"M_HIST2H2AC",0.2817511867389,0.0497884616685142
"M_ATP13A1",0.311749130151821,0.0224379656377991
"M_STAT1",0.838822035183928,1.92273808588351e-25
"M_IRS2",-0.408033886642127,0.000659467475103091
"M_PGA4",-0.368701385309932,0.00341428609898872
"M_LDLR",0.436021735045017,0.000173172613641689
"M_HSH2D",0.774443373217158,3.39868531249374e-19
"M_IDO1",0.717989810402607,3.22464779365424e-15
"M_STARD4",0.458465801812373,5.2574547997089e-05
"M_CKB",0.348560041594804,0.00705472916657645
"M_MOV10",0.708785728800472,1.16593773130252e-14
"M_AKAP2",0.576001238765158,1.77861753400943e-08
"M_MT-ND4",-0.41433912881312,0.000490654267294013
"M_ARID5B",0.417730678417855,0.000421116589464814
"M_TNFSF13B",0.44652055084292,0.000100176067900212
"M_RGL1",0.622780139083665,2.53312446304135e-10
"M_DDX58",0.806738708045258,4.85376858815098e-22
"M_AC112229.3",-0.369127527414804,0.0033673986198019
"M_TNFSF10",0.622151849634226,2.68440755577852e-10
"M_VAMP5",0.409830547168636,0.00060643662548841
"M_RUFY4",0.695496008328835,6.90631060806995e-14
"M_SAMD9",0.784595223207671,4.89476185057253e-20
"M_PLAGL2",0.355154835901427,0.00560880798425548
"M_FBXO6",0.634767886836435,7.6263169662652e-11
"M_GNB4",0.284315716788896,0.0468782645373163
"M_CX3CR1",0.297401091559033,0.0336051131910268
"M_CXCL11",0.863955014994596,1.16346542714151e-28
"M_KMO",0.441860241224291,0.000128507687563696
"M_ITGB7",0.29436653869913,0.0364743734526808
"M_HEG1",0.757677597646825,6.73700493416695e-18
"M_CCR5",0.506816054710267,2.86313081041237e-06
"M_NCOA7",0.713137678135122,6.3961001003717e-15
"M_ZNF322P1",-0.441953887117283,0.000128147218701686
"M_RNF144A",0.389425469073862,0.00146702823796281
"M_CMTM2",-0.367820849804274,0.00353834275511847
"M_SNORA62",-0.294933645047178,0.0359013458548006
"M_FMNL2",0.542344324312485,2.40956752490393e-07
"M_SERF1A",0.284305651994414,0.0468782645373163
"M_HLA-B",0.351668117241762,0.00631946092996239
"M_MT-CO2",-0.400364175727558,0.000926798263619869
"M_TUBA1A",0.283555822930723,0.0477072393569456
"M_PPM1K",0.547525460927251,1.62866414545346e-07
"M_AL136295.5",0.471398761767894,2.52903734984157e-05
"M_ABTB2",0.757613466927303,6.78174997073279e-18
"M_ARL5B",0.384587286647872,0.00179218811759296
"M_CD101",0.294449202528105,0.0364156800973747
"M_PLAC8",0.757859342514192,6.58656190475981e-18
"M_ALOX5AP",-0.491895401773544,7.44331649421508e-06
"M_SNHG20",-0.290760553893251,0.040052149548165
"M_CD38",0.584314078603454,8.778662434464e-09
"M_TCF4",0.560070325254374,6.25670488721243e-08
"M_RARRES3",0.531329651569089,5.37143215858374e-07
"M_RASGRP3",0.553710687482212,1.02495129592556e-07
"M_IRF1",0.47258984318004,2.35450985793175e-05
"M_RPL22P1",-0.333048886640041,0.0118374766858292
"M_MARVELD1",-0.300676084209634,0.0308616584631613
"M_PRLR",0.524917435087752,8.44970155262156e-07
"M_SLC40A1",-0.460830677951894,4.60924182044463e-05
"M_SCML1",0.323461429376473,0.016017301645405
"M_OAS1",0.856609629389434,1.14676637582797e-27
"M_MTCO1P11",0.337799076577318,0.0101976994752719
"M_ABCA1",0.296693711271158,0.0342270780669067
"M_IFIT5",0.864941162481487,8.4339533303236e-29
"M_SLC6A12",0.348838357715123,0.00698037296446203
"M_NLRC5",0.403430450175602,0.000811329950039896
"M_PML",0.7103361620256,9.43362770690314e-15
"M_FFAR3",0.315128003946938,0.0204174530377079
"M_RTP4",0.601247669813447,1.93272095869429e-09
"M_U62317.2",0.484502841997355,1.15014662207794e-05
"M_SNORA10",-0.328306599497343,0.0138160310843339
"M_ADA",0.432929690305553,0.000201092063862434
"M_RNVU1-6",0.317625996384122,0.0190240340672838
"M_CD274",0.602957138446614,1.65399933214289e-09
"M_ZCCHC2",0.788932874829746,2.06781624708998e-20
"M_PRR5L",0.361226824733745,0.0045024906394053
"M_PPARGC1A",-0.507147763894645,2.8040162079936e-06
"M_RNF213",0.804529583832912,7.8576298635698e-22
"M_RRAS",0.355506434595727,0.00554756247971363
"M_C1QC",0.507639412154191,2.7159983365944e-06
"M_ENPP4",0.319552326026606,0.0180486896726354
"M_ADCY3",0.359588792779117,0.00479733313854704
"M_AMIGO2",0.380394081442996,0.00213394790678763
"M_CSF1",0.337846168453482,0.0101873708418744
"M_SNORA1",-0.362175276020416,0.00435697152336023
"M_PKP2",-0.310190545933247,0.0235021820876282
"M_HESX1",0.80797177100995,3.68441022530507e-22
"M_MYD88",0.328047906600548,0.0139291903998802
"M_CBWD6",0.377251689196558,0.00242786520229148
"M_TCF3P1",0.378462154740621,0.00231304089432716
"M_AC018607.1",0.321670514589097,0.0169588005405917
"M_GAS6",0.480025082919299,1.50980063619078e-05
"M_C8orf31",0.377849265444362,0.00236799513219841
"M_TIMP1",0.313858038824195,0.0212150103917556
"M_MT-CO1",-0.291246532630341,0.0396567913078105
"M_MT2A",0.667699195138048,2.08779042582229e-12
"M_MT-ND5",-0.311937286362937,0.0223312416614102
"M_IL31RA",0.378022734082463,0.00235197200648177
"M_HIST1H2BJ",0.3240955948518,0.0157699950651481
"M_E2F2",0.389034763338311,0.00148908989551517
"M_KLF11",0.32181062297697,0.0169082019865332
"M_NAPA",0.526869031910677,7.37268080468118e-07
"M_ZNF154",-0.370506495429436,0.00318211490094947
"M_BIRC3",0.41740312788934,0.000425969434298873
"M_RNU6-1",-0.309185271227604,0.024204457137626
"M_RNU6-3P",-0.309185271227604,0.024204457137626
"M_RNU6-5P",-0.309185271227604,0.024204457137626
"M_ABI3",0.318909224882611,0.0183368096454924
"M_LAMP3",0.320491405796746,0.0175283098427592
"M_ICAM2",0.343614680826253,0.00840085167216134
"M_IFIH1",0.882116261147393,1.90060265259636e-31
"M_PPM1H",-0.383403215937867,0.00187493095711042
"M_EEF2",-0.298774587726607,0.0324223342532495
"M_AIM2",0.56010400577635,6.25376600327291e-08
"M_FKBP9",0.313597019072173,0.0213584011259471
"M_HTRA1",-0.43297851907244,0.000200854759257499
"M_PTPRO",0.583563907576019,9.3574410246254e-09
"M_ATP1B1",0.383504379733941,0.00187177666697006
"M_GBP2",0.617105398414524,4.37646960431111e-10
"M_PLSCR1",0.722385980503009,1.70211161711071e-15
"M_IL4I1",0.639983326221454,4.43548199396308e-11
"M_CUL1",0.881901485424312,2.04333038098863e-31
"M_SNORA38B",-0.304082729867116,0.028042341024217
"M_NOL4L",0.300364518230414,0.03108183760373
"M_CCL8",0.626214080277653,1.80549406049991e-10
"M_NRIR",0.778200443587152,1.66435059458935e-19
"M_SLC25A25",0.319319638522834,0.0181384144317973
"M_SNORA26",-0.281516655912325,0.049958917261118
"M_ARHGAP17",0.387973290737413,0.00155271404509011
"M_TMEM51",0.34963341396924,0.00677911713437638
"M_BLVRA",0.635981493488639,6.72574061268139e-11
"M_MT-ATP6",-0.429869252689243,0.000233830073045947
"M_SETBP1",0.413952546893404,0.000499113605984053
"M_TMEM123",0.693439800556865,8.9180105424641e-14
"M_MT-ND4L",-0.307859336396382,0.0252219574025151
"M_GTPBP1",0.474559287243103,2.09193662823779e-05
"M_APOL6",0.838928767480728,1.88075799135648e-25
"M_MT-ATP8",-0.335746102766385,0.0108588268802809
"M_IGHEP2",0.476541004577575,1.85903007443939e-05
"M_RAB39A",0.422572403652574,0.00033186637846148
"M_SPNS3",-0.352296255636521,0.00618760343343609
"M_CD2AP",0.69354750604335,8.82245256912543e-14
"M_DOCK4",0.392470262252294,0.00129699054411185
"M_MT-CO3",-0.284296782099753,0.0468782645373163
"M_TRANK1",0.415851417387995,0.000458327765403553
"M_UBE2S",0.319278980547901,0.0181524232246636
"M_SP140",0.690307654078294,1.32313758668426e-13
"M_PARP12",0.919704484080744,5.63898363802527e-39
"M_FAM46A",0.64021273115368,4.33986494980495e-11
"M_BST2",0.569832092759505,2.90876844273277e-08
"M_HLA-DQB2",0.357303747726081,0.00521629074367353
"M_ITGA9",-0.281819295367837,0.0497317342778605
"M_CLIC2",0.303486452669172,0.0285371162905988
"M_FRMD3",0.48456643232212,1.14855574684396e-05
"M_MTCO3P11",0.46503645473702,3.67192476943305e-05
"M_IL2RG",0.289099531493445,0.0416481363766546
"M_PC",-0.407220535368805,0.000684209014705875
"M_ADA2",0.384137649308016,0.00182587159320347
"M_IGF2BP3",0.624504794410969,2.13802385748138e-10
"M_ADRB1",0.367150716709034,0.00362509182154713
"M_TAP1",0.733630994423452,3.2159384784686e-16
"M_NFKBIZ",0.387946682791326,0.00155284758360728
"M_HLA-F",0.333168953160325,0.0117915586829369
"M_NFXL1",-0.371406124823994,0.0030836463252038
"M_SNORA2A",-0.325823174175068,0.0149019083265569
"M_DDX60L",0.850272744750014,7.85015302074083e-27
"M_MT-ND1",-0.367024379380025,0.00364144771301679
"M_GPNMB",0.307002565451736,0.0258705066563435
"M_GBP3",0.515496512170955,1.61404528844987e-06
"M_NPC2",0.301458163947387,0.0301657119873692
"M_RERE",0.336527541919239,0.0106077665859263
"M_ZNF708",-0.34439316998577,0.00817530735966342
"M_SNHG12",-0.324989570718431,0.0153006045428695
"M_GPR84",0.318166345783647,0.0187273427626161
"M_SFMBT2",0.2850084774402,0.0460984120692783
"M_FDPSP3",0.415454028286724,0.000465890076181246
"M_DAAM2",-0.300183254955418,0.0311793740057483
"M_TRIM22",0.903010871369497,3.26196491159323e-35
"M_P2RY12",0.315919031078385,0.01997513054891
"M_SDSL",0.287824410243791,0.043022038555076
"M_EMP3",0.3435652252719,0.00840260472119754
"M_UBE2L6",0.821547481756383,1.57314098704902e-23
"M_GPX7",-0.346301324316471,0.00762299575448152
"M_AC068050.1",-0.3672557436077,0.00361219150029737
"M_DRAP1",0.50926118712177,2.44250036018167e-06
"M_CSNK1G2P1",0.345819801786878,0.00773977724127173
"M_CDK5R1",-0.39950533201109,0.000965334328825787
"M_CPT1B",0.403071922867039,0.000822662724767662
"M_OR52K3P",0.284859599334097,0.0462699873568021
"M_AC007336.1",0.341217970134112,0.00907005203187166
"M_RIPK2",0.298112839047383,0.0330114987620734
"M_TUBA4A",-0.303200287508742,0.0286761309793841
"M_STAP1",0.449923529429695,8.39481541256344e-05
"M_RFLNB",-0.501161521675746,4.11964070776456e-06
"M_PSTPIP2",0.372271503758771,0.00297964136380965
"M_LINC00173",0.362102885808123,0.00436618424773942
"M_MLC1",0.386402760987668,0.00165605663324636
"M_CD1C",-0.322638776954518,0.0164491984777879
"M_INSIG1",0.373283194866904,0.00285692176081726
"M_SLC38A5",0.404446638597722,0.000775489310634969
"M_SNORA74D",-0.296692187251024,0.0342270780669067
"M_CXCL3",0.353583168512894,0.00594703261863874
"M_IL15",0.51089742929396,2.19312826245264e-06
"M_MPRIP",-0.333248709994642,0.0117644460217015
"M_TIFA",0.352794542799944,0.00608862694798345
"M_EXOC3L1",0.700143605312122,3.73287932464018e-14
"M_ZNF100",-0.291044878880363,0.039833829767374
"M_NTNG2",0.426106758877004,0.00028105344759634
"M_JAK2",0.569090783205917,3.08886928431409e-08
"M_BAK1",0.448436556062225,9.09663340821238e-05
"M_DDO",0.358513112751405,0.00498848264361065
"M_MT-CYB",-0.392196282795354,0.00131089885642087
"M_ATF5",0.491799111537115,7.47661832304179e-06
"M_SNURF",-0.375303991297327,0.00263434807380766
"M_CASP5",0.437826107883966,0.000157993912692718
"M_DAPK2",-0.347572907222486,0.0073280385661734
"M_MTSS1",0.434625853202057,0.000185530338183766
"M_GUCY1A1",0.572013492054318,2.44740321718424e-08
"M_COLEC12",-0.297437321762443,0.0335840018029029
"M_CAMK2D",0.459385656194857,4.99906745638517e-05
"M_DNASE1",-0.300077270894236,0.0312754769326776
"M_PTP4A1",0.46735209328717,3.21467097041365e-05
"M_SHISA5",0.542128497193913,2.44468936943764e-07
"M_CRIM1",-0.332734493918601,0.0119646515005594
"M_RPS15AP30",0.390912548354526,0.00138022603448124
"M_NHSL1",0.379107852675094,0.00225083647512446
"M_DHCR24",0.436101232494267,0.000172937581038253
"M_ADPRHL2",0.381128453372206,0.00207009507933777
"M_SNORA14B",-0.347210252540094,0.00740310094092447
"M_CFB",0.621882384672769,2.7508591444145e-10
"M_P2RY6",0.434440343388948,0.0001865859088052
"M_SQLE",0.64219046166312,3.53491791485839e-11
"M_BATF3",0.394641283128592,0.00118106279031921
"M_LINC01963",-0.294195894386033,0.0366440018546502
"M_MT-ND2",-0.330079798232072,0.0129707656841056
"M_AL645922.1",0.447412620639909,9.55254027965245e-05
"M_PSMB9",0.668361732728981,1.93484263814027e-12
"M_SNN",0.29768977907821,0.033374513044964
"M_ZNF496",0.651772826005794,1.26304094395255e-11
"M_ZFP30",-0.353375384680435,0.00598767570663003
"M_AC116366.2",-0.286391512636335,0.0446215246024243
"M_STAT2",0.92224451651515,1.37998318150381e-39
"M_PDCD1LG2",0.622448023637064,2.61244833880583e-10
"M_AC233702.9",-0.346309751924757,0.00762299575448152
"M_ASAP2",0.297739002214556,0.0333384733498229
"M_PPARGC1B",0.338667996998135,0.00993553146684324
"M_LGR4",-0.512012648164893,2.04109075182711e-06
"M_MICAL2",-0.299739574642612,0.031485697417807
"M_PSME2",0.738123912981846,1.62355409903366e-16
"M_ACACB",-0.313999758072531,0.0211501892459399
"M_ZNF618",0.304747975206098,0.0276136147871186
"M_SNHG1",-0.306765806899052,0.0259897596799305
"M_YBEY",-0.286671951100476,0.0443320714625856
"M_GUCY1B1",0.392279955994309,0.00130724901153508
"M_NT5C3A",0.661649119376701,4.19959033049877e-12
"M_PNPT1",0.743205002042625,7.27806809587183e-17
"M_UBE2J1",0.310603097872383,0.0232616661673715
"M_CXCL9",0.518680549616546,1.29710596488542e-06
"M_AC067945.1",0.583509604640431,9.3789292517626e-09
"M_PTK2",0.343578956915832,0.00840260472119754
"M_CASP7",0.534823741680787,4.189283990429e-07
"M_DTX3L",0.888561267071684,1.60367286746092e-32
"M_DGKE",-0.398160399035418,0.00102298194876513
"M_LINC02207",-0.433437299694486,0.000196196014640143
"M_TMEM140",0.666268262611563,2.46028560002399e-12
"M_LPL",-0.322343491622437,0.0166087594433385
"M_THRA",-0.286224510057711,0.0447271971800465
"M_L3MBTL4",0.388839457192838,0.0014993550735728
"M_GABBR1",0.292371981147911,0.0384642523266843
"M_DANCR",-0.682269255118598,3.65599545486853e-13
"M_PLEK",0.370467071873459,0.00318427531542599
"M_SNORD33",-0.307766006211775,0.0252823653416141
"M_TAGAP",0.33241326384278,0.0120862660928201
"M_CNP",0.50385953459041,3.46425399872994e-06
"M_TSHZ3",-0.283188214643861,0.0481230650302979
"M_MYO10",0.326648334579473,0.0145174580351546
"M_EEF1A1P5",-0.447337704843477,9.57835170680303e-05
"M_SPATC1L",-0.313520629496937,0.0214031668839283
"M_ADARB1",0.452586298953087,7.23626349900612e-05
"M_ADAM19",-0.511341556718476,2.13470267236006e-06
"M_IGF1R",-0.319497798216344,0.0180720106643808
"M_KDM1B",0.335187799329676,0.0110613433646176
"M_MTATP6P11",0.299876899109056,0.0313948702315457
"M_TRIM14",0.64965495638501,1.59168795328983e-11
"M_TRIM69",0.741229309909172,9.92012939487191e-17
"M_LDHB",-0.334559617456094,0.0112952825512369
"M_ZNF486",-0.296823681811546,0.0341354985141093
"M_IL12RB1",0.44184856145133,0.000128507687563696
"M_TAP2",0.714120343046087,5.57385823624879e-15
"M_C1GALT1",0.564199526539844,4.58082591009344e-08
"M_SKIL",0.310153115761522,0.0235178054353724
"M_COL9A3",-0.354468740123943,0.00574581749615629
"M_EIF4BP6",-0.628107028458303,1.49873687878693e-10
"M_PTK6",0.3800953886904,0.00215611618283505
"M_FAM8A1",0.674879916455344,8.94537811578595e-13
"M_NRIP1",0.532287500503391,5.02274251646403e-07
"M_LINC00920",-0.319390276908307,0.0181177099415218
"M_TGFA",-0.357681880194526,0.00513797995334414
"M_GCH1",0.728490988673176,6.94236449692756e-16
"M_HSD3B7",0.369110376707157,0.0033673986198019
"M_PCK2",0.383907122759629,0.00184131219987524
"M_SIPA1L2",0.370338226953924,0.00319913377805393
"M_SLC30A4",0.316239099046975,0.0197969473939348
"M_RNF5P1",0.304071578855946,0.028042341024217
"M_PCGF5",0.428741679223524,0.000246993312438946
"M_AL161785.1",-0.329693080830979,0.013145954138136
"M_C16orf74",-0.418967804584419,0.000395490886371133
"M_LINC00487",0.606231594472572,1.22153280980237e-09
"M_NDUFB4P11",0.304213917036428,0.0279898572759601
"M_RN7SL128P",-0.317451025083578,0.0190838228459472
"M_BRD8",-0.480721902637946,1.44988168260696e-05
"M_ZNF33B",-0.523810298474486,9.13882264926483e-07
"M_UBC",0.35014216328694,0.00664343942510424
"M_EPS8",0.504322703741341,3.36313220044689e-06
"M_SNORA3B",-0.36885116154969,0.00339535907852733
"M_AC244453.2",0.310476677942887,0.0233074423257748
"M_BTG3",0.305722572541932,0.0267939738101018
"M_MAVS",-0.287448404242292,0.0434934568119242
"M_TSPAN2",-0.302547350681221,0.0292513048734541
"M_LINC02384",0.490111441673332,8.24141122013449e-06
"M_SLC35E2B",-0.332977974257824,0.0118606257787045
"M_FAM241A",0.32404227047555,0.0157896983174121
"M_SCARB2",0.504651969434619,3.2959354403556e-06
"M_AC004656.1",-0.317820024292615,0.0189075627022516
"M_ZNF124",0.28165981614583,0.049828577492466
"M_FUT4",0.307418212405621,0.02552268279703
"M_DDAH2",0.297786608834566,0.0333043525532855
"M_P2RY14",0.408674647292932,0.000640260231711114
"M_DDB2",0.421736986881522,0.000344165544554136
"M_AL031985.1",0.367779845790285,0.0035409861778138
"M_TMEM229B",0.428232598154458,0.000253090886576678
"M_LEPROTL1",0.302674226295799,0.0291392850718696
"M_ELF4",0.328588487360085,0.0136882451377773
"M_4-Sep",0.60064466689318,2.0398588303098e-09
"M_CD300A",0.362579212367886,0.00429456201910707
"M_LINC01679",0.57529904778671,1.88009173052648e-08
"M_CMTR1",0.848959438529937,1.13547053993308e-26
"M_PVRIG2P",-0.282903460516346,0.0483601430233052
"M_CBWD1",0.28633300505938,0.0446832563186109
"M_DNASE2",0.366721294584977,0.00368251562802572
"M_CHP1",-0.304396538877072,0.0279057090542944
"M_RPS3AP6",-0.443558590630725,0.000117489328815786
"M_PLEKHO1",0.371205956613573,0.00310792432097735
"M_ST3GAL5",0.757781381693058,6.64621566642229e-18
"M_LYSMD2",0.499814144792512,4.48526145121406e-06
"M_TUBA1B",0.387866626608497,0.00155689336486243
"M_SUSD1",0.289634603534318,0.0411433890353129
"M_CLEC2B",0.352936619524981,0.00606402165636972
"M_STAC3",0.423906888698623,0.000312229686916571
"M_P2RX4",0.341238511493511,0.00907005203187166
"M_TMEM255A",0.716416643703116,4.04225927345031e-15
"M_CHMP5",0.642818312036036,3.32133303548358e-11
"M_C19orf66",0.736718444197414,2.00674778519189e-16
"M_SPARC",-0.346823952935409,0.00749520668992743
"M_CASS4",-0.46905929316215,2.90790677384463e-05
"M_BX284668.5",-0.357133930685263,0.00524894702828327
"M_GNG2",-0.319466538830912,0.0180795618101524
"M_AC131097.4",0.321005689407525,0.0172516589870317
"M_ZNF606",-0.291145803652981,0.0397450747257305
"M_CDK18",0.285230415033139,0.0458596066473582
"M_AC022916.1",0.313283978772879,0.0215285149426618
"M_CNDP2",0.34323317395842,0.00849919878953476
"M_APOL1",0.722693247757309,1.63202266013847e-15
"M_C5orf56",0.64250810722682,3.4251283806556e-11
"M_ZNF219",-0.333408305398188,0.0117103649930397
"M_DNM1",0.316306096697474,0.0197767603299131
"M_TOR1B",0.761545009704319,3.47496464086251e-18
"M_CACNB4",-0.370736315560228,0.0031599342056767
"M_PDE3B",-0.283115890430122,0.0481524124214274
"M_KBTBD6",-0.319041212653327,0.0182737404212268
"M_MT1E",0.434895171657028,0.000183092937218535
"M_CHST12",0.29296645175409,0.0378685098464834
"M_SYCP2",-0.395781815751255,0.00112953395490864
"M_AL591468.1",0.679234154290525,5.24918974280347e-13
"M_BRICD5",-0.281772381939758,0.0497811695749024
"M_B2M",0.531483559132088,5.32141628120691e-07
"M_FAM72A",0.449825676195552,8.42866887641185e-05
"M_KIAA1147",-0.391507619472959,0.00134975916001064
"M_ACE",0.481109494239302,1.41725691350569e-05
"M_ENPP2",0.565684822361087,4.0782567102341e-08
"M_AC092279.1",-0.330664037032919,0.0127410613516758
"M_NEDD4L",-0.362454710581097,0.00430896530963643
"M_BTN3A3",0.34244360591633,0.00872366991120425
"M_SNORD14B",-0.294038941955283,0.0368197111309602
"M_ZNF713",-0.312204422069317,0.0221608258323045
"M_C15orf48",0.324332746258373,0.0156648407008153
"M_BTBD11",-0.401488073708848,0.000881532762165344
"M_CALR",0.309660697299825,0.0238759415255163
"M_DEXI",-0.332241223324769,0.012147906788933
"M_LMNB1",0.385188806122564,0.00174666743833966
"M_TRIM21",0.3928502044576,0.00127828539808314
"M_AC005229.4",0.750825656919686,2.12163451212188e-17
"M_RNF19B",0.288507950349004,0.0423139741409702
"M_ADHFE1",-0.33147695104611,0.0124344452570612
"M_CICP18",-0.296696221298606,0.0342270780669067
"M_SPTLC2",0.307416479472542,0.02552268279703
"M_ANGPT1",-0.323145251586475,0.0161733379752313
"M_CBWD3",0.464755215648031,3.72198679010595e-05
"N_LY6E",0.928665464477386,2.72844647712762e-41
"N_RSAD2",0.968749727230077,2.56732131505309e-57
"N_IFI44L",0.936632445791118,1.21819775218534e-43
"N_OAS2",0.949489212805212,3.784516519795e-48
"N_OAS3",0.950427198853753,1.7076546659866e-48
"N_OAS1",0.95000835297943,2.42541347696127e-48
"N_EPSTI1",0.954122323084027,5.69108996076081e-50
"N_IFI44",0.952642177645743,2.22906988974777e-49
"N_CMPK2",0.963270237196368,3.06143470584398e-54
"N_ISG15",0.968744244556119,2.56732131505309e-57
"N_IFIT1",0.942846917922751,1.0674241723789e-45
"N_BTNL3",0.346448989312194,0.00759076696666644
"N_DDX60",0.965211536773561,2.68980885464364e-55
"N_XAF1",0.959946683099262,1.31414949567111e-52
"N_MX1",0.926060194582686,1.41243208882446e-40
"N_CFD",0.290562978751476,0.0401534565810221
"N_HLA-C",0.39740624290478,0.00105454693920573
"N_HERC5",0.961795473105124,1.74331690782649e-53
"N_IFI6",0.958417951146484,6.49634891199049e-52
"N_OTOF",0.818809366930601,3.01195350561366e-23
"N_IFIT3",0.95814380711819,8.16321738911186e-52
"N_USP18",0.882814130800249,1.4797620014031e-31
"N_OASL",0.922881954650017,9.57680364237631e-40
"N_SPATS2L",0.921123719581327,2.59207234802314e-39
"N_IFIT2",0.920699369764024,3.26722254767644e-39
"N_AGRN",0.883859461671625,1.00268416339864e-31
"N_LAP3",0.842684081002493,6.72066883145338e-26
"N_SLFN5",0.731382225871079,4.47779124863001e-16
"N_IGHG2",0.287577396416238,0.0433442921006144
"N_IFIT5",0.948858685099697,6.25028763490563e-48
"N_RTP4",0.94162362409338,2.82076561629001e-45
"N_GBP5",0.792074154126079,1.09451050998727e-20
"N_MT2A",0.898854865379976,2.05996557176634e-34
"N_IFITM3",0.625038716587685,2.03040691174308e-10
"N_HES4",0.851824246226113,4.98695571649646e-27
"N_TRIM22",0.944218178246262,3.4859701249673e-46
"N_DHX58",0.955628694601906,1.23778903843321e-50
"N_SIGLEC1",0.856021053601111,1.36876506633418e-27
"N_GBP1",0.865806434748691,6.41917098479077e-29
"N_ZCCHC2",0.924059715404644,4.85743879761755e-40
"N_HERC6",0.951094865232493,9.42552002421938e-49
"N_SERPING1",0.882639976844949,1.56613610563491e-31
"N_PARP12",0.959472585567543,2.08141701346742e-52
"N_FCGR3B",0.288284839554608,0.042533657881632
"N_BATF2",0.861235392618111,2.7305019010821e-28
"N_C3AR1",0.321732329222276,0.0169452920233033
"N_PNPT1",0.903139453862713,3.11835066916789e-35
"N_AC134669.1",0.284798326514641,0.0463381697306099
"N_ADARB2",-0.409444387052842,0.000617548241906531
"N_GBP4",0.889549975997554,1.09034782575265e-32
"N_APOBEC3B",0.410252460363361,0.000594436634351985
"N_PLSCR1",0.770458926512694,7.10796769853697e-19
"N_TREX1",0.901959198770255,5.21765038154179e-35
"N_THBD",-0.28756792108118,0.0433442921006144
"N_TMEM123",0.860283912911747,3.69120205621347e-28
"N_MOV10",0.967017425831628,2.576315542622e-56
"N_RNY1",-0.374798332506819,0.00269219726460453
"N_PPM1K",0.643440526788208,3.11287064933166e-11
"N_TNFSF10",0.748484214216121,3.11012049098407e-17
"N_FCGR1A",0.43210360516472,0.000209691605990559
"N_AL645608.8",0.784086787345721,5.39271073130794e-20
"N_P2RY14",0.411496237598504,0.000561122529384728
"N_MT-ATP6",-0.284226678959414,0.0469347930576681
"N_AC139495.3",0.395373874123135,0.00114914526235674
"N_CNTNAP3",-0.356496277811744,0.00535083040026541
"N_NFXL1",-0.330392904863921,0.0128554118876452
"N_PARP14",0.940509165789398,6.69645914780693e-45
"N_FFAR2",0.478650482276886,1.64127239981799e-05
"N_TRIB2",0.598397270240387,2.50925664026963e-09
"N_FKBP5",-0.290814266272212,0.040052149548165
"N_SAT1",0.500898991542392,4.18530344385198e-06
"N_EIF2AK2",0.908773478311602,2.03901158553228e-36
"N_BST2",0.946003280509334,7.69031721925901e-47
"N_SNORA81",-0.312282756625521,0.0221162612270275
"N_TNFAIP6",0.627465083646976,1.59673460238104e-10
"N_SAMD9L",0.874124714050291,3.58447826020974e-30
"N_IFI35",0.953929281213519,6.49487432227237e-50
"N_IFIH1",0.969751821482581,1.58394458915768e-57
"N_SERPINB9",0.576786718025945,1.66624242922033e-08
"N_APOL6",0.923452022056321,6.9080999073555e-40
"N_DDX58",0.898498218408718,2.39056979502065e-34
"N_CD274",0.691159273582253,1.19174958729363e-13
"N_CD69",0.609799535875974,8.8083546052676e-10
"N_IFITM1",0.7236532497754,1.4243649517175e-15
"N_ZBP1",0.96072740962832,5.74154817147519e-53
"N_IL1RN",0.607609074167009,1.07344211935228e-09
"N_ZNF496",0.82288438999365,1.1414560529904e-23
"N_ETV7",0.823452086341757,1.0099730636362e-23
"N_DAAM2",-0.30307309308309,0.0287868817846308
"N_STAT2",0.949356427623553,4.09530743630916e-48
"N_SNORA54",-0.289512049141965,0.0412782342266888
"N_GALM",0.818676577091416,3.09143541224599e-23
"N_LAMP3",0.90626288464718,6.99527273313505e-36
"N_PML",0.830886751311436,1.5479930024641e-24
"N_UBE2L6",0.895671394544361,8.31944958481846e-34
"N_IRF7",0.933379414829631,1.19628381763886e-42
"N_TNFSF13B",0.711686886752822,7.81335251076906e-15
"N_GBP3",0.906377528594074,6.72473183798473e-36
"N_CCR1",0.689064746831684,1.54519598991853e-13
"N_NT5C3A",0.782289926718647,7.5613407852215e-20
"N_RFLNB",-0.438464746822042,0.000152981217900528
"N_DHRS9",0.669802145923885,1.64316833878518e-12
"N_RNF213",0.900685663015774,9.21894278105082e-35
"N_GIMAP4",0.452292279493762,7.34854120319054e-05
"N_IFI27",0.485606047533884,1.08119301849382e-05
"N_HLA-A",0.387684290383442,0.00156665463870501
"N_AC116366.1",0.341267027441231,0.00906814298279777
"N_AC136475.5",0.395280266361414,0.00115292403302245
"N_FCGR3A",0.330779188832577,0.0127058594536608
"N_TRIM14",0.821345137161097,1.64345087498579e-23
"N_IDO1",0.702887370181328,2.59290795752608e-14
"N_CMTR1",0.94835299847922,9.58315203433291e-48
"N_VWF",-0.335295463790123,0.011026382593663
"N_FCGR1B",0.414288095320682,0.000491276757827918
"N_SIGLEC14",0.290196255759869,0.0406081528572307
"N_SNORA48",-0.3636776895292,0.00413691493191301
"N_CD83",0.350608432827375,0.00655859922066702
"N_REC8",0.586395364472417,7.33290596185001e-09
"N_SP140",0.88841885019198,1.67939799846209e-32
"N_TFEC",0.732667731340463,3.69437055822247e-16
"N_EVL",0.453726060849464,6.8065845741386e-05
"N_IFI16",0.795082631869819,5.92746443776755e-21
"N_CSF1",0.484778126602611,1.13809402941662e-05
"N_CASP5",0.360668191042703,0.00460292071673512
"N_APOBEC3A",0.416275334570085,0.000449043034618085
"N_SNORA68",-0.316040484474584,0.0199144641022038
"N_SAMHD1",0.887483338202275,2.43891543176429e-32
"N_TRIM5",0.952603452113387,2.22906988974777e-49
"N_CHKB-CPT1B",0.455209759588972,6.30447159923484e-05
"N_TMSB10",0.75190690674743,1.78063044766938e-17
"N_LGALS3BP",0.764065805987656,2.21771567875734e-18
"N_SAMD9",0.825902201945936,5.53671052974081e-24
"N_SECTM1",0.340650299952039,0.00926062987901506
"N_MYEF2",-0.374395269788654,0.002738534593586
"N_LY96",0.324234743611954,0.0157111766293404
"N_HELZ2",0.790487445136705,1.5073647309289e-20
"N_U62317.2",0.363334430060009,0.00418611428592843
"N_RNU2-6P",-0.29094613924719,0.0399198238524998
"N_ABCA13",0.293123684216705,0.0377394098377497
"N_ARL5B",0.533482388899066,4.61319532850414e-07
"N_GBP2",0.545144839583279,1.95692801766361e-07
"N_ANKRD22",0.524955364985096,8.44367094173348e-07
"N_CD2AP",0.752076236967949,1.73770584527194e-17
"N_IFITM2",0.312922390826036,0.0217232350843814
"N_PLB1",-0.343627927837723,0.00840085167216134
"N_FRMD3",0.850093299025486,8.21607624459716e-27
"N_DOCK4",0.504804102410209,3.27328047647325e-06
"N_TNFAIP3",0.320525539124388,0.0175191206183683
"N_DDX60L",0.806081824257772,5.60123386150431e-22
"N_SNORA70",-0.339203251208777,0.00975018148650972
"N_EXOSC9",0.657916395604316,6.33469616387104e-12
"N_ZNF708",-0.356406059940225,0.00536610150796012
"N_GADD45B",0.512744303395356,1.94314109572947e-06
"N_TMEM268",0.8347638456862,5.60625052510816e-25
"N_ERAP2",0.400664948366757,0.000914395530023058
"N_ZNF684",0.748457342176163,3.11012049098407e-17
"N_ITGA4",0.283184919635497,0.0481230650302979
"N_ATF3",0.753465460400639,1.38183475118867e-17
"N_SNORA46",-0.359434271139501,0.00482360622867905
"N_NAPA",0.812696453679854,1.2667146636829e-22
"N_CD74",0.391916176090449,0.00132692870752647
"N_FBXO6",0.932118915358005,2.74961293675778e-42
"N_NTNG2",0.560459601387912,6.08856912042195e-08
"N_ABCA1",0.570133202392263,2.84255019518147e-08
"N_PARP10",0.889817132349507,9.87962753737312e-33
"N_SNORA57",-0.334451637541258,0.011333257033989
"N_CARD16",0.478142295780928,1.69067605478061e-05
"N_CLEC4A",0.347782776436101,0.00727157760671216
"N_BCAT1",-0.304297053827219,0.0279672821129492
"N_RNU4-1",-0.29000474045747,0.0407755554917509
"N_CLEC2B",0.462451061481313,4.2298192625678e-05
"N_NKG7",0.290663013677264,0.040120348962714
"N_SMAD3",0.383301833332424,0.00188085277190509
"N_FAM8A1",0.54925054317028,1.43785410390081e-07
"N_GRAMD1B",0.877604529335225,1.02264859858184e-30
"N_NUP205",0.549322511872243,1.43287201691202e-07
"N_TDRD7",0.883775790531797,1.02419675259794e-31
"N_AC114490.2",0.290999402305673,0.0398715186198042
"N_C19orf66",0.920061423739493,4.66613480225847e-39
"N_DUSP5",0.486046363901412,1.05479880007184e-05
"N_LGALS9",0.72206357268008,1.7791423183213e-15
"N_MPZL1",-0.322690040119062,0.0164299560862981
"N_ZC3HAV1",0.820775829179488,1.88041481428454e-23
"N_CNP",0.850928401831996,6.49322261388569e-27
"N_AIM2",0.645532388278455,2.49040356286445e-11
"N_FAM46C",0.414911408370619,0.000477758676828885
"N_RNU4-2",-0.308791779824326,0.0245209029517839
"N_PCGF5",0.810279177384869,2.18952823110084e-22
"N_RHBDF2",0.638134762788088,5.36209173100075e-11
"N_LYSMD2",0.658511956583309,5.93267002039977e-12
"N_HLA-B",0.344438677972121,0.0081675428502035
"N_GCH1",0.715821178466125,4.39107611403127e-15
"N_AC023355.1",-0.287345105724717,0.0435939254245686
"N_TTC21A",0.747814434689467,3.44923446429735e-17
"N_TIMM10",0.82767638797558,3.53253052145799e-24
"N_PARP9",0.899774087662484,1.36764392204166e-34
"N_LY75",-0.37067003222781,0.00316244700198268
"N_SCARB2",0.751851100559026,1.78958624274142e-17
"N_HLA-DOB",0.390731797746533,0.00138973537246802
"N_MX2",0.749135638329096,2.811693309373e-17
"N_AL136295.5",0.70776914597963,1.3352882803692e-14
"N_PRDM1",0.411159514829847,0.000570027990953248
"N_CYSLTR1",0.648048278189621,1.89759656120859e-11
"N_CD300A",0.306745035641275,0.0259897596799305
"N_B2M",0.305005949285835,0.0273972189115293
"N_AC099343.3",0.570874984111866,2.68256861258737e-08
"N_RIN2",0.703468665833993,2.40214969602529e-14
"N_SNORA37",-0.439834216818099,0.000142886934964614
"N_PHF11",0.86793264498743,3.16052169729641e-29
"N_IRF5",0.865598210710455,6.82010577209184e-29
"N_SNORD3C",-0.286217670496501,0.0447271971800465
"N_NLRC5",0.725220148041576,1.13362099118912e-15
"N_SNORA8",-0.35330730985639,0.0059984085352912
"N_GPR65",0.447568017551389,9.49815887173112e-05
"N_NFKBIE",0.498035698252974,5.02423726551359e-06
"N_APMAP",-0.413814524032873,0.000501974522441752
"N_STX11",0.331061444962046,0.0125964876711998
"N_SNORD94",-0.383874726308681,0.00184197745595319
"N_HLA-DMA",0.283164024568993,0.0481254108426568
"N_DISC1",0.665805195526452,2.59113679806468e-12
"N_LINC00958",-0.292104621607561,0.0387020912553253
"N_U62317.5",0.609655291668958,8.90828616812522e-10
"N_FCGR2B",0.41906238355025,0.0003940945144223
"N_LHFPL2",0.836442375312347,3.57425704617138e-25
"N_BTN3A3",0.738078417196178,1.62855969743704e-16
"N_APOL3",0.383476746639658,0.00187204048589226
"N_PSME2",0.842264321475211,7.51705284522437e-26
"N_RNF144A",0.690419081383104,1.30848029037065e-13
"N_EXOC3L1",0.830784818063976,1.57894799973086e-24
"N_AC136475.9",0.484552080045894,1.14855574684396e-05
"N_SKI",-0.355532938710676,0.00554676072511484
"N_RNU1-1",-0.289240712571282,0.041486761382632
"N_RNU1-28P",-0.289240712571282,0.041486761382632
"N_RNU1-3",-0.289240712571282,0.041486761382632
"N_RNVU1-18",-0.289240712571282,0.041486761382632
"N_FBXO39",0.848645610078381,1.23667502519122e-26
"N_DUT",-0.339799237656848,0.00954465582969687
"N_GAPT",0.486628801951132,1.02148004317455e-05
"N_NRIR",0.863712795109794,1.24934540072761e-28
"N_PTP4A1",0.548726896063533,1.49180865328024e-07
"N_AC011933.2",0.287423337279944,0.0435047785622524
"N_RNF13",0.307754947401647,0.0252823653416141
"N_CD300LB",0.361874708956107,0.00440051582005661
"N_APOL1",0.759857216560869,4.67210395018848e-18
"N_SNHG12",-0.284134132223511,0.0469995514597589
"N_PDE4DIP",-0.311880960825406,0.0223615278589349
"N_PSTPIP2",0.483895390967728,1.19146272297719e-05
"N_SNORA20",-0.364444914733407,0.00402596583048121
"N_PRRG4",0.321610125490476,0.0169714366609187
"N_FANCA",0.76811757923327,1.07713134127201e-18
"N_SNORA2C",-0.340066149297618,0.00945103815354286
"N_AP5B1",0.336199393366149,0.0107016038145452
"N_PLEC",-0.315441584283209,0.0201986457479055
"N_LINC02207",-0.295072843960386,0.0357736505461548
"N_GIMAP2",0.646120274328282,2.34140569406516e-11
"N_CD68",0.391411590390948,0.00135269819014867
"N_SSB",0.509795125321374,2.3583978292899e-06
"N_LIMK1",0.317855487766356,0.0189075627022516
"N_RFX2",-0.351486329822148,0.00635253186648617
"N_TGM3",-0.291155357052285,0.0397450747257305
"N_SELL",0.402328230116697,0.000850143007399168
"N_ZNF185",-0.32075035425468,0.0173845110368164
"N_PTPN22",0.431372769069107,0.000217195107221636
"N_CEBPA",-0.345876052646988,0.00772897665162717
"N_RHOC",0.361464788423229,0.00446613495621587
"N_SIGLEC10",-0.390717851092882,0.00138973537246802
"N_TRIM6",0.730944876895622,4.77328057161689e-16
"N_LCP2",0.326474655054427,0.014579884645803
"N_SLC7A7",-0.319169307502285,0.0181998438462113
"N_TOR1B",0.793615430908591,8.0468022319019e-21
"N_ZNF316",-0.346800861583819,0.00749544368519822
"N_ODF3B",0.745295740865629,5.20162550969877e-17
"N_FMNL2",0.576984102585163,1.64213085469909e-08
"N_NMI",0.7151734894729,4.80521790758385e-15
"N_LPAR6",0.525121241414228,8.35942596438319e-07
"N_4-Sep",0.790713849377703,1.44597133736443e-20
"N_GBP6",0.733063658031834,3.48656650680547e-16
"N_CYB561",0.643775721530239,3.01001477514565e-11
"N_AC092803.2",0.413372541361761,0.000512063887228082
"N_TMEM140",0.624351840556034,2.16555213995886e-10
"N_PDE4B",0.289231776475862,0.041486761382632
"N_TRIM21",0.634062254780746,8.19242662433945e-11
"N_HRK",-0.292873609238852,0.0379443721570747
"N_RIPK2",0.66749074565057,2.13361592089713e-12
"N_GTF2IP4",-0.364402562926082,0.00402921072202064
"N_PPM1F",-0.359295296572529,0.00484350205332007
"N_ACOT9",0.783560558714278,5.92982986329414e-20
"N_TSPO",-0.461558693528921,4.44591981087875e-05
"N_NUB1",0.92960764297293,1.4935412686656e-41
"N_HIST1H2AC",0.331496253322718,0.0124344452570612
"N_OR52K3P",0.632225655971057,9.87939150953443e-11
"N_TRAFD1",0.837860263351837,2.49215161105566e-25
"N_AC107068.1",-0.320945275415141,0.0172703086917313
"N_TTC26",0.631436602360327,1.06985791301448e-10
"N_RF00019",-0.299270275926164,0.0319464394707301
"N_SCO2",0.613055241619757,6.48704797246188e-10
"N_FAM46A",0.843871332167122,4.89529839956154e-26
"N_CEACAM1",0.768416951244828,1.02409355681443e-18
"N_GBP1P1",0.858798683979905,5.85980152505222e-28
"N_ZNF91",-0.32888003281878,0.0135454654763471
"N_C1GALT1",0.744921039568389,5.51035595027049e-17
"N_KIAA1958",0.797964582172488,3.30406772643998e-21
"N_CHMP5",0.768813953852674,9.56139591800355e-19
"N_WHRN",0.298452400399456,0.0327266728725048
"N_SHISA5",0.885104503870184,6.2497152915279e-32
"N_OLAH",-0.422512653543886,0.000332276041273833
"N_CYP1B1",-0.350806696486307,0.00651687634146011
"N_STAT1",0.886289017030828,3.92218024396979e-32
"N_SNORD17",-0.396268127097011,0.00110740577272258
"N_RARRES3",0.680192918467573,4.68614779713678e-13
"N_SNORA53",-0.281924903829047,0.049591383829036
"N_SNORA3A",-0.322714845139194,0.0164272348326694
"N_COL9A3",-0.349206223740792,0.00689396635555123
"N_CASP1",0.563587836547212,4.79604630736335e-08
"N_APOL2",0.659940842309471,5.07557761355447e-12
"N_KPTN",0.825596303340143,5.94530501529237e-24
"N_APOBEC3C",0.460784898810476,4.60924182044463e-05
"N_SNORA74B",-0.3707519418868,0.0031599342056767
"N_NBN",0.609006252222644,9.45915058270843e-10
"N_SNORA10",-0.325535425335644,0.0150466011073986
"N_HIF1A",0.283548275713838,0.0477072393569456
"N_MAD2L1BP",0.861890186549123,2.24400851237147e-28
"N_PTGES3P1",0.606182122186985,1.22410428731847e-09
"N_NUAK2",0.281550631427346,0.0499530333800032
"N_DNAJC15",0.51130154150079,2.13646501406952e-06
"N_ITGB4",-0.425937462649158,0.000283189932873303
"N_SERPINB9P1",0.485885078317222,1.06388719450947e-05
"N_FAS",0.440231110376702,0.000140199026019391
"N_CBX6",0.436064826221313,0.000173023156959036
"N_CBWD6",0.352419422274917,0.00616161039121175
"N_MLXIP",-0.550609414888212,1.30012479973413e-07
"N_KLHDC7B",0.808253295551508,3.47498903024481e-22
"N_AC012368.1",0.315749216708897,0.0200425020788629
"N_PHACTR2",0.694478592909524,7.85251841166333e-14
"N_TICAM2",0.321694741967299,0.0169563260494684
"N_OAT",-0.293150908004757,0.0377394098377497
"N_SNORA49",-0.383394366838319,0.00187493095711042
"N_ATP13A3",-0.401985806004917,0.000863500972820214
"N_CASP7",0.282048921195367,0.0495208122509077
"N_GLRX",0.575264041952333,1.88114351517285e-08
"N_RNF138",0.388595234354457,0.00151317736459453
"N_ERP29",0.620486981430937,3.14839432494778e-10
"N_PDE9A",0.706710505600949,1.54300799527438e-14
"N_TIFA",0.571633455779487,2.52159588974433e-08
"N_SPOCK2",-0.310626111003823,0.0232616661673715
"N_PDCD1LG2",0.602798002554792,1.67467073583801e-09
"N_MAST3",-0.285812425939929,0.0452075725372299
"N_ANGPT1",-0.299194829460125,0.0320104343077706
"N_KLHDC8B",0.317027284268828,0.0193242976045749
"N_ATOH8",-0.336772572712297,0.0105418956825149
"N_ERO1A",-0.512880142781353,1.92855409174899e-06
"N_PCK2",0.621244282375261,2.92556168876271e-10
"N_TMSB4X",0.306873777225752,0.0259374272835449
"N_ANXA5",0.303424359899887,0.0285638001734669
"N_SP140L",0.812740177040406,1.26160696581312e-22
"N_GCNT2",0.305488460061443,0.0269830414799488
"N_RERE",0.323964588071342,0.0158117188076821
"N_IMPA2",-0.323232615973431,0.0161447833599377
"N_TMEM62",0.840009833809533,1.40068194811915e-25
"N_DAPP1",0.663728817269339,3.30128246232428e-12
"N_WARS",0.458448077825559,5.2574547997089e-05
"N_SORT1",0.367531160108336,0.0035762129781055
"N_C5orf56",0.902840310251269,3.48227759410454e-35
"N_MFSD9",0.313632656385694,0.0213584011259471
"N_H1F0",0.306741900908844,0.0259897596799305
"N_SMARCD3",0.355098641373952,0.00561668660299406
"N_RMI2",0.718486564077639,3.00950138622553e-15
"N_TAP1",0.752471520270493,1.63146913169187e-17
"N_SNORA21",-0.317585323006599,0.0190387946374997
"N_BTN3A1",0.767086324266558,1.2963885585193e-18
"N_MPRIP",-0.37275370136778,0.00292237423048506
"N_BTN3A2",0.521216350071032,1.09770821225552e-06
"N_MFSD12",0.49101418456893,7.84147590273309e-06
"N_USPL1",0.566911514993367,3.69053177653504e-08
"N_PTPRN2",0.377499593231966,0.00240331566082949
"N_AEN",0.421873812338279,0.00034217918381482
"N_APOBEC3G",0.842875292638479,6.41363184176378e-26
"N_SNHG7",-0.450078780444312,8.33363020969602e-05
"N_STOM",0.42811421076158,0.000254333686775116
"N_BRI3",0.291762557812734,0.0390358781230377
"N_DRAP1",0.884455729221946,8.00464123990711e-32
"N_BMPR2",0.503325426025447,3.58549637936423e-06
"N_ZC3H12A",0.288718177666489,0.0420642068493198
"N_GTF2B",0.300212630018518,0.0311673596654773
"N_NOD1",0.810883980960373,1.91368206855549e-22
"N_PRKDC",-0.56224107839095,5.32192704755597e-08
"N_PPCDC",0.291883529875133,0.0388985535982407
"N_BTN2A2",0.746681698249746,4.14985067863293e-17
"N_APOBEC3F",0.626795909382086,1.70565780354874e-10
"N_BRCA2",0.785897136706607,3.78320250123518e-20
"N_AGPAT3",0.356370613750045,0.00536891250333536
"N_FFAR3",0.487974749282295,9.39880373892466e-06
"N_AC083862.2",0.444734761809458,0.000110133967390192
"N_CCRL2",0.424770762539774,0.000299135931381909
"N_SNORA63",-0.319218191936075,0.0181801759895942
"N_LINC02555",0.589720424472208,5.48328469898047e-09
"N_TAGAP",0.486558010702786,1.02430739463698e-05
"N_SNORD15A",-0.38771963352188,0.00156587187256681
"N_ISG20",0.820499825089878,2.0002609687353e-23
"N_ATP6V1A",-0.300370361374808,0.03108183760373
"N_MYL12A",0.327322084572855,0.0142363694703706
"N_PRR5L",0.321387751503838,0.0170820948404241
"N_ZFP82",-0.288475287959266,0.0423357661832259
"N_SP100",0.874904448861409,2.7542858442924e-30
"N_MAT2A",-0.382293718238961,0.00196399725788266
"N_PDZD8",-0.33012992685886,0.0129560228306674
"N_IRF1",0.596231385933058,3.05077005394857e-09
"N_CXorf21",0.658785076487243,5.76630720056647e-12
"N_GIMAP6",0.502941807089778,3.67309037194768e-06
"N_PSMB9",0.681512142016993,4.00942473963037e-13
"N_DOK4",-0.334183106141527,0.0114347445378688
"N_FCGR2C",0.433818647343132,0.000192733579783117
"N_LINC01410",0.437692906588186,0.000158918860040933
"N_TTC39B",0.417467551257409,0.000425717493358198
"N_TMEM60",0.448949308999111,8.84812990974816e-05
"N_TRIM69",0.775000419019366,3.07090923946795e-19
"N_RFX5",0.448018380676814,9.30144600610913e-05
"N_SLFN12",0.692440811262261,1.01400580558396e-13
"N_RPS2P36",0.564929109793117,4.32766021181871e-08
"N_IMPDH1",-0.353528638554916,0.00595494105356885
"N_SNORA23",-0.358451273033059,0.00499670135650802
"N_EXTL3",-0.403277138457628,0.000815406933829084
"N_ZNF438",0.385456485467879,0.0017269758247471
"N_CNTNAP3B",-0.438332604118722,0.000153869404514344
"N_PSME1",0.519217500735162,1.25409922306587e-06
"N_CYBB",0.40885475396132,0.000635322874000431
"N_DTX3L",0.865999751589549,6.0724692341528e-29
"N_PRKCE",0.660756300242185,4.64565312515523e-12
"N_ERN1",-0.412986292833761,0.000520861182478632
"N_HNRNPLL",0.725696143952482,1.05898105842626e-15
"N_MYD88",0.337458921698504,0.0103192118114138
"N_SPECC1",0.470068173714912,2.739011133865e-05
"N_NCF1",0.289460019250667,0.0412893806399401
"N_SQOR",0.416635308191694,0.000441989924947431
"N_OSBPL5",0.286303444490544,0.044701733549549
"N_AC004687.1",0.424620228295564,0.000301103022885737
"N_ABTB2",0.301855913527443,0.0298298562603546
"N_C7orf50",0.484680110879308,1.14322550838173e-05
"N_CORIN",-0.380918427997803,0.00208548198480027
"N_PYURF",0.426944609307777,0.000269178726763975
"N_CNDP2",0.428481900173151,0.00025009478545112
"N_TMOD2",0.560626488154126,6.01980922909837e-08
"N_TRIM38",0.937628628547588,5.9264899230943e-44
"N_DYNLT1",0.445577672865189,0.000105341355271693
"N_BACH1",0.297572345377548,0.0334798237695882
"N_SERPINB10",0.292820631238386,0.0379705566892786
"N_YBX3",-0.628609390654219,1.42699603433649e-10
"N_CDC42EP3",0.303252641121931,0.0286607936668484
"N_ZNF737",-0.290634724693866,0.040127576537693
"N_IER5L",-0.388168263126868,0.00154032462548845
"N_RUBCN",0.766750670132433,1.37220402277034e-18
"N_CHL1",-0.283422438118735,0.0478261584436501
"N_TRANK1",0.537103711119745,3.55728216816477e-07
"N_TNIK",0.65949280988815,5.32955631056791e-12
"N_NPC2",0.490734520803614,7.95677200403007e-06
"N_CISH",0.463773928156672,3.91479407694282e-05
"N_RNF152",-0.283479048772178,0.0477900342241976
"N_OR52K2",0.585472625987257,7.94089991092562e-09
"N_TARS",0.28522937606302,0.0458596066473582
"N_AC018644.1",0.673763347619777,1.01912137378535e-12
"N_SNORA64",-0.372392540432316,0.00296678040720591
"N_GTPBP2",0.910706402565401,7.76972422446957e-37
"N_CACNA1E",0.364065754133954,0.00408453645448867
"N_SNORA6",-0.298197066774546,0.0329355857352545
"N_SLC26A8",0.342982855975471,0.00856370603377955
"N_RBM43",0.815062554396088,7.36032045153856e-23
"N_BAK1",0.697623573778642,5.21179921485496e-14
"N_LMO2",0.70200335401992,2.9168913083033e-14
"N_SMCO4",0.322261446935462,0.0166347537040333
"N_TBC1D8",0.313860028779019,0.0212150103917556
"N_TRIM6-TRIM34",0.350254974827236,0.00662592384251449
"N_AL161785.1",-0.343166623713119,0.00850929752143585
"N_HACD4",0.299839118483637,0.0313960782087537
"N_AC003080.1",0.454890671100313,6.41240430174171e-05
"N_GAA",-0.282142908336373,0.0493949140001213
"N_CMTM6",-0.286566115158255,0.0444125343625042
"N_CA2",0.380174777658278,0.00215069224284258
"N_SNORD15B",-0.308624704167667,0.0246255637430997
"N_MT1X",0.51895897745072,1.27490876682539e-06
"N_ATP2B4",-0.32985781967165,0.0130726376070387
"N_ABAT",-0.464043398611411,3.86495853542137e-05
"N_TYMP",0.516128620842895,1.54659177945186e-06
"N_GVINP1",0.535280536046495,4.05634353009362e-07
"N_IRF9",0.859012336343787,5.52080555411202e-28
"N_ABCG1",0.463807841590768,3.91336207226175e-05
"N_TAP2",0.843373621016182,5.60398850428964e-26
"N_LINC02422",0.357008212433081,0.00527188845508332
"N_SPATA13",0.403760948381634,0.000799197592130401
"N_OR51R1P",0.533972798559324,4.45618899698926e-07
"N_SRGAP2B",0.610142486838104,8.54365542737632e-10
"N_ITPR1",-0.360474964948109,0.00463669035449185
"N_SELENOI",0.488091166660191,9.34513688433488e-06
"N_NECTIN1",-0.453049217246922,7.06756578975558e-05
"N_PRKD2",0.464211929319949,3.83891989118198e-05
"N_PARP11",0.784060017303277,5.39322662012571e-20
"N_LYRM1",0.461305305324241,4.49849986841389e-05
"N_GMDS-AS1",0.310315114116708,0.0234285672583304
"N_GPD2",0.594853891273592,3.45425245987345e-09
"N_AC060766.7",0.616349882792143,4.70390479678413e-10
"N_AC022916.1",0.691982917773717,1.073288865559e-13
"N_LRRC70",-0.287075114861768,0.0439074067767392
"N_SCARNA6",-0.284904558204821,0.0462270149820048
"N_CST3",0.296564522375911,0.0343575009909915
"N_SAT2",0.351354854752738,0.00638149556220832
"N_PLEK",0.289484167878831,0.0412800663955246
"N_MYLIP",0.405866870067327,0.000727309394589681
"N_GPM6A",-0.310569054242452,0.0232616661673715
"N_LINC00487",0.742936643219485,7.57269346476618e-17
"N_F13A1",-0.302265390328362,0.029486528636834
"N_RNASEH2B",0.590033106096976,5.34429062024569e-09
"N_TICAM1",0.292518544259766,0.0383185309004261
"N_SLC27A3",0.7421780556509,8.53611298802261e-17
"N_PI4K2B",0.699401133790261,4.11405637386699e-14
"N_RNF19B",0.317810406845834,0.0189075627022516
"N_HLA-F",0.551568385643967,1.21300760406036e-07
"N_SRGAP2C",0.554812392076864,9.4683100011837e-08
"N_ZNF441",0.425454839301962,0.000290126363240133
"N_NCF1B",0.288760917606688,0.0420282540240475
"N_AL391280.1",0.365681106761898,0.00382621790108436
"N_NECAP1",0.326591165516735,0.0145378292883792
"N_ANXA2R",0.513897240221257,1.79932916645515e-06
"N_CPEB2",0.422726358284509,0.00032994262774458
"N_CAPG",0.307211002467437,0.0256946990127903
"N_RANGAP1",0.454397028799582,6.58862149718948e-05
"N_POLB",0.561878312073096,5.45773716644924e-08
"N_VPS37C",-0.327674672157254,0.014100582234897
"N_QSOX1",-0.396233678774942,0.00110788156741096
"N_ERF",-0.282667042104948,0.0487094847721314
"N_MAST4",-0.56087919760729,5.91014337180308e-08
"N_NADK",0.338006354362853,0.0101435210105903
"N_PXYLP1",-0.292952651125507,0.0378685098464834
"N_GNG5",0.376992711589232,0.002453880393452
"N_TMEM229B",0.353706589018147,0.00592193891182639
"N_ZNF33B",-0.305599706396092,0.0268939529837901
"N_HCP5",0.695106394493943,7.2488362637858e-14
"N_CIR1",0.5547709306531,9.47851496767534e-08
"N_TRIM56",0.51958168397364,1.22432643251019e-06
"N_SYNE2",-0.313385231456565,0.021467666072123
"N_CFAP58-AS1",0.548926792344061,1.47174919707179e-07
"N_SMCHD1",0.475206437718094,2.01653632067992e-05
"N_GTPBP1",0.376766830368657,0.0024736876219196
"N_LARP1",0.427391012920915,0.000263597763142021
"N_CREB3L2",0.554458024370762,9.67588639675369e-08
"N_XRN1",0.823405828735117,1.01485534571367e-23
"N_RICTOR",0.422173499595741,0.000337308479595151
"N_TTLL7",-0.283621285160236,0.0476721071098193
"N_HSPA7",0.491765494029468,7.47933952116337e-06
"N_ARFIP1",0.331589749822219,0.0124001360267617
"N_SNORA26",-0.330201082847576,0.0129307099566014
"N_GPR155",0.337277768547934,0.0103760708977408
"N_APOBEC3D",0.490842745641303,7.91522691883408e-06
"N_MTHFD2",0.454306844221309,6.61260367241837e-05
"N_PCTP",-0.332446192407409,0.0120806970396174
"N_MAP3K20",-0.342965648918534,0.00856370603377955
"N_LAPTM4A",0.295811963057401,0.0350160364530358
"N_TBC1D14",-0.373530836745597,0.0028284229154931
"N_RUBCNL",-0.386105736582107,0.00167730008125242
"N_ARHGAP17",0.309604943019662,0.0239077131806092
"N_NMRK1",0.496485391465432,5.55007891862412e-06
"N_UBE2S",0.548441908033606,1.52227965825428e-07
"N_SESTD1",0.588094483692648,6.31485223272718e-09
"N_RPGRIP1L",-0.292102760577322,0.0387020912553253
"N_ARHGEF3",0.316420511628095,0.0197218431821838
"N_ANKFY1",0.849674904810016,9.24006111841309e-27
"N_TRIM25",0.430135019528438,0.000230844111506356
"N_SLFN13",0.33515129030589,0.0110613433646176
"N_EFHC2",-0.439708855478505,0.000143665341044658
"N_AFF1",0.641854068172518,3.65553757758991e-11
"N_DRAM2",0.314274784790589,0.0209670276294758
"N_FUBP1",0.290032309757566,0.0407617070949522
"N_SYNE3",-0.321377276592186,0.0170820948404241
"N_UBA7",0.823137347456252,1.07843109466927e-23
"N_UNC93B1",0.84057480122286,1.20417235351291e-25
"N_SLC3A2",0.431613432728189,0.00021501488445704
"N_ZNF254",-0.338011159086083,0.0101435210105903
"N_ENO1",-0.520066554827335,1.18733731003736e-06
"N_ATP2A2",-0.296065965155057,0.0348471738324706
"N_SP110",0.84587533545761,2.78034121608719e-26
"N_CHD1",0.452788348416413,7.16361956611362e-05
"N_WHAMM",0.501818609937514,3.94832840040038e-06
"N_OIP5-AS1",-0.336507050951222,0.0106077665859263
"N_HMGN4",0.490511815632512,8.04381872305151e-06
"N_AC009506.2",0.315707894094261,0.020058602111496
"N_TMEM106B",-0.299701790916568,0.0315072064125642
"N_HSH2D",0.79765150627952,3.51501189336866e-21
"N_SRBD1",0.734056143376379,3.02046720322966e-16
"N_CLN6",-0.458583296301092,5.23279367824697e-05
"N_IFI30",0.563943527455331,4.66796511764842e-08
"N_SLC35B2",0.419342251437901,0.000388937019746649
"N_RBCK1",0.629355733259947,1.32466410362925e-10
"N_ZNF66",-0.286251223782147,0.0447271971800465
"N_C18orf25",0.723727317551567,1.41414812920237e-15
"N_PIM2",0.538108883180444,3.30318518911234e-07
"N_MICA",0.564913771072687,4.32766021181871e-08
"N_EMP3",0.456206037355043,5.97722107041169e-05
"N_GPR157",-0.382893415918793,0.001914604609132
"N_ATM",-0.289502972128235,0.0412782342266888
"N_ARAP2",0.466284796831042,3.41739686571593e-05
"N_KARS",0.537069144685149,3.5590325451413e-07
"N_ZCCHC6",0.320449232873817,0.0175428245444372
"N_PDE7B",-0.286180155379604,0.044757660471376
"N_HIST1H4H",0.306077676251356,0.0265088657570529
"N_SEMA3C",0.315832065681563,0.0200139332765094
"N_PIK3AP1",0.781288743982876,9.12726221091574e-20
"N_GPATCH11",-0.384239215301836,0.00181935651169321
"N_AC009948.1",0.424859841774442,0.000298149763038168
"N_MRPL52",-0.286797578170525,0.0442224699062122
"N_ANO5",-0.299929980751301,0.0313670999102079
"N_ALDOC",-0.406942622786869,0.000692882321290757
"N_TRPM2",-0.293770179423706,0.0371386325831193
"N_TMED8",-0.407606141897895,0.000672000956121724
"N_NCF1C",0.318311898685779,0.018639587522106
"N_CMTM3",0.312045817876923,0.0222584169326379
"N_VOPP1",-0.312774180364999,0.0218106912234725
"N_SCAMP1-AS1",0.709286456220956,1.09043225044837e-14
"N_TNFRSF9",-0.403340165508949,0.000813913830341834
"N_DCAF12",0.292968801908062,0.0378685098464834
"N_SYCP2",-0.308616849295821,0.0246255637430997
"N_JADE2",0.374200226550428,0.00275965282385345
"N_UQCR10",0.317837792107197,0.0189075627022516
"N_DSE",-0.504646824288273,3.2959354403556e-06
"N_LRP3",-0.336728324334326,0.0105418956825149
"N_AL031282.2",-0.384973606882705,0.00176225135020153
"N_BAIAP2-AS1",-0.300560619014792,0.0309484853397877
"N_MDK",0.544070324010066,2.11791131197466e-07
"N_IGF2BP3",0.568401889505546,3.26523464777567e-08
"N_AC107982.1",0.285425946085482,0.0457162378469412
"N_DNAJC3",-0.397647646827798,0.00104356313842537
"N_DNAJA1",0.31679897347916,0.0194605362998746
"N_ITPRIPL2",0.49492510388305,6.13655658732417e-06
"N_PCYOX1L",-0.330772817375058,0.0127058594536608
"N_TFG",0.337892155824801,0.0101775064400465
"N_ASPHD2",0.578025083125919,1.50811107754985e-08
"N_ZNF200",0.439198131354438,0.00014711936042393
"N_SNORA71A",-0.360938800445704,0.00455416078043182
"N_ZNF658B",-0.374050657740272,0.00277523819744052
